Epoch,Cycle,Episodes,Timesteps,TimeCost(sec),Pi_q_loss,Pi_l2_loss,Q_loss,Success/mpc,Success,CollisionsAvg,ExRewardAvg
0/20,0/20,50,5000,70.88598442077637,,,,0.0,0.0,0.0,-618.31
0/20,1/20,100,10000,67.38249850273132,10.207538962364197,0.2010973822325468,3.2956190928816795,0.0,0.0,0.0,-863.38
0/20,2/20,150,15000,84.44723153114319,942.6096648573875,22.18250032654032,28.58380899950862,0.0,0.0,0.0,-809.11
0/20,3/20,200,20000,91.41226077079773,1539.7940652370453,81.87406823784113,33.85733773931861,0.0,0.0,0.0,-142.57
0/20,4/20,250,25000,84.41929244995117,2037.3995517492294,107.65122271329165,40.827535692602396,0.0,0.0,0.0,-819.46
0/20,5/20,300,30000,84.03678441047668,2465.228260040283,114.1169356778264,45.52302666567266,0.0,0.0,0.0,-813.16
0/20,0/20,50,5000,63.05352187156677,,,,0.0,0.0,0.0,-781.21
0/20,1/20,100,10000,69.35547041893005,8.752315774559975,0.14823616365902126,3.6189815774559975,0.0,0.0,0.0,-665.2
0/20,2/20,150,15000,91.8652024269104,854.7038912475109,18.0732964547351,36.08050618413836,0.0,0.0,0.57,-210.46
0/20,3/20,200,20000,87.68519997596741,1581.3781813383102,82.19971220009029,41.96883929986507,0.0,0.0,0.0,-628.3
0/20,4/20,250,25000,87.72899198532104,2009.1448234319687,109.17138760536909,45.409416226670146,0.0,0.0,0.0,-716.14
0/20,5/20,300,30000,91.26470875740051,2413.4281101226807,115.4780574887991,44.656370144337416,0.0,0.0,0.0,-547.93
0/20,6/20,350,35000,93.72711110115051,2778.7196177244186,115.07917539775372,46.53291621431708,0.0,0.0,0.0,-155.08
0/20,7/20,400,40000,93.08109021186829,3167.5219712257385,115.98410554975271,47.23991669341922,0.0,0.0,0.0,-302.86
0/20,8/20,450,45000,91.55913472175598,3528.042407274246,117.65194294601679,49.47006996721029,0.0,0.0,0.0,-685.27
0/20,9/20,500,50000,92.52498126029968,3901.2301626205444,121.09174051135778,56.489894626662135,0.0,0.0,0.79,-538.45
0/20,10/20,550,55000,93.13847851753235,4247.605069875717,127.69742554426193,65.3614348936826,0.0,0.0,0.7,-310.51
0/20,11/20,600,60000,87.17926502227783,4534.537328004837,137.18580719083548,67.99964407086372,0.0,0.0,4.66,-713.37
0/20,12/20,650,65000,89.33043456077576,4737.420026063919,145.73254067450762,74.02567797154188,0.0,0.0,6.3,-683.89
0/20,13/20,700,70000,84.94146609306335,4895.118287801743,146.59746266156435,86.63701942190528,0.01,0.01,5.01,-910.27
0/20,14/20,750,75000,85.63448333740234,5069.123912096024,137.9895710274577,101.9900987483561,0.01,0.01,8.65,-901.73
0/20,15/20,800,80000,85.86604356765747,5262.9141047000885,138.15766251832247,136.63133608922362,0.0,0.0,7.33,-917.59
0/20,16/20,850,85000,85.75152230262756,5397.341025829315,142.64268920570612,166.93590144440532,0.0,0.0,6.43,-882.78
0/20,17/20,900,90000,86.4610607624054,5489.9865753650665,144.6734494715929,205.5503363162279,0.01,0.01,5.43,-876.24
0/20,18/20,950,95000,91.18762969970703,5623.918722629547,140.57913372665644,235.3997724801302,0.0,0.0,12.46,-607.33
0/20,19/20,1000,100000,85.62969708442688,5841.075599193573,133.2031802535057,258.57390601187944,0.0,0.0,5.84,-920.03
1/20,0/20,1050,105000,89.63069319725037,6046.826380729675,132.94567716121674,291.3480730652809,0.04,0.04,5.35,-660.77
1/20,1/20,1100,110000,88.0481767654419,6128.604638576508,137.24228101223707,311.1642369925976,0.01,0.01,7.98,-807.32
1/20,2/20,1150,115000,88.01324391365051,6290.861565113068,143.459047190845,355.07607877254486,0.02,0.02,9.53,-844.61
1/20,3/20,1200,120000,88.04598665237427,6346.271312236786,146.45726644992828,376.6904187053442,0.01,0.01,7.4,-803.1
1/20,4/20,1250,125000,88.55342364311218,6456.833915233612,146.9158906787634,415.7502017915249,0.01,0.01,7.64,-740.32
1/20,5/20,1300,130000,89.07514381408691,6507.120081424713,143.1631898805499,461.26096676290035,0.05,0.05,8.11,-766.68
1/20,6/20,1350,135000,87.67708992958069,6657.00236082077,145.36116065084934,483.8648126870394,0.06,0.06,7.06,-743.69
1/20,7/20,1400,140000,90.9754364490509,6717.9727602005005,145.32244016230106,512.8043739199638,0.16,0.16,6.41,-575.84
1/20,8/20,1450,145000,95.76891565322876,6761.083371639252,144.74196904152632,547.9201839715242,0.13,0.13,7.82,-260.81
1/20,9/20,1500,150000,92.66980862617493,6825.338283061981,143.76473151892424,566.5599090903997,0.23,0.23,8.36,-442.26
1/20,10/20,1550,155000,89.67532134056091,6817.528545379639,145.1866410896182,570.4247543662786,0.11,0.11,8.43,-748.22
1/20,11/20,1600,160000,88.04542326927185,6847.469820022583,146.71156573295593,558.6453467011452,0.21,0.21,6.12,-776.78
1/20,12/20,1650,165000,87.22144198417664,6823.764518260956,148.85297392308712,587.4179100245237,0.05,0.05,4.03,-810.53
1/20,13/20,1700,170000,92.4720070362091,6839.190776348114,150.5678390264511,592.6333644390106,0.06,0.06,4.99,-405.57
1/20,14/20,1750,175000,89.34401774406433,6851.937203407288,152.64286395907402,587.026658654213,0.13,0.13,3.09,-603.01
1/20,15/20,1800,180000,88.4455235004425,6879.31290435791,152.15781576931477,591.1467581689358,0.06,0.06,3.14,-710.45
1/20,16/20,1850,185000,87.67686343193054,6862.904469966888,152.0797835290432,599.3936490565538,0.04,0.04,3.18,-819.03
1/20,17/20,1900,190000,90.5873761177063,6893.356019020081,151.24808571487665,575.1055617183447,0.19,0.19,4.52,-613.93
1/20,18/20,1950,195000,88.33594870567322,6842.229199886322,149.09876163303852,595.5894593298435,0.01,0.01,7.19,-844.54
1/20,19/20,2000,200000,91.85633254051208,6887.853047847748,149.9166589230299,591.350452452898,0.24,0.24,4.89,-462.9
2/20,0/20,2050,205000,90.1464192867279,6893.239831447601,149.66390612721443,583.70139734447,0.07,0.07,3.56,-655.12
2/20,1/20,2100,210000,90.12494540214539,6919.190780162811,150.30008613318205,579.1842199862003,0.19,0.19,4.56,-678.73
2/20,2/20,2150,215000,88.2940993309021,6934.280982494354,151.22768734395504,580.2228537499905,0.14,0.14,2.79,-806.17
2/20,3/20,2200,220000,86.655690908432,6976.741323471069,152.76487158983946,597.9955072253942,0.16,0.16,2.83,-737.2
2/20,4/20,2250,225000,87.37308359146118,7024.411026000977,153.47679119557142,566.5639590620995,0.14,0.14,3.28,-837.24
2/20,5/20,2300,230000,93.55322265625,7054.232988357544,150.77508613467216,561.9072906970978,0.21,0.21,3.06,-448.6
2/20,6/20,2350,235000,88.6641743183136,7056.984418392181,150.87470163404942,599.2089787423611,0.11,0.11,3.48,-793.85
2/20,7/20,2400,240000,89.97869324684143,7107.528890609741,148.11404710263014,561.4025702476501,0.28,0.28,2.92,-739.94
2/20,8/20,2450,245000,88.7471866607666,7208.4000878334045,147.8031816408038,580.4850194752216,0.09,0.09,3.71,-859.0
2/20,9/20,2500,250000,88.3088972568512,7223.64887714386,147.1768672838807,583.8867145776749,0.32,0.32,5.4,-722.06
2/20,10/20,2550,255000,91.540372133255,7272.069575309753,145.75712317973375,564.3218311518431,0.19,0.19,3.0,-427.91
2/20,11/20,2600,260000,88.70712184906006,7344.363029003143,144.72836320102215,549.8205552995205,0.15,0.15,3.48,-710.71
2/20,12/20,2650,265000,85.18958497047424,7448.919748783112,147.13756762444973,572.4785498231649,0.08,0.08,6.61,-859.04
2/20,13/20,2700,270000,87.81146550178528,7506.350942611694,144.24604358524084,580.2754148095846,0.05,0.05,4.15,-615.92
2/20,14/20,2750,275000,85.93850016593933,7590.139507293701,147.5464220866561,608.141661837697,0.07,0.07,3.55,-814.4
2/20,15/20,2800,280000,84.43870449066162,7662.741587638855,151.94515896588564,616.3337267935276,0.09,0.09,3.77,-828.33
2/20,16/20,2850,285000,84.41703915596008,7622.562771320343,152.31493309140205,579.2379497587681,0.03,0.03,3.35,-874.24
2/20,17/20,2900,290000,84.67542791366577,7717.734344482422,151.1803620159626,623.6180865466595,0.06,0.06,5.83,-877.57
2/20,18/20,2950,295000,85.25628876686096,7681.573317527771,150.6900048032403,589.2977053374052,0.05,0.05,4.91,-848.3
2/20,19/20,3000,300000,85.41160249710083,7635.229210853577,153.64736527949572,581.6587788313627,0.09,0.09,4.9,-871.62
3/20,0/20,3050,305000,84.74623012542725,7642.082404136658,153.52256739884615,588.1961106359959,0.04,0.04,4.14,-882.73
3/20,1/20,3100,310000,85.46838855743408,7523.3091173172,152.92911787331104,551.3445556759834,0.05,0.05,4.69,-878.31
3/20,2/20,3150,315000,82.68372797966003,7446.515222072601,152.39593786746264,545.556133210659,0.0,0.0,1.97,-896.91
3/20,3/20,3200,320000,85.72092318534851,7410.048539161682,153.9586315602064,531.3414351195097,0.03,0.03,5.36,-795.47
3/20,4/20,3250,325000,84.51821851730347,7309.763645648956,148.6060493811965,504.1737311631441,0.0,0.0,2.33,-835.87
3/20,5/20,3300,330000,84.1126811504364,7229.453696727753,147.72283938527107,479.0148147344589,0.06,0.06,1.42,-878.15
3/20,6/20,3350,335000,85.67029547691345,7239.764813899994,147.11420855671167,505.20581398904324,0.04,0.04,1.91,-859.94
3/20,7/20,3400,340000,84.61932802200317,7244.539941310883,147.02427779138088,473.49415773153305,0.06,0.06,1.31,-877.47
3/20,8/20,3450,345000,87.1334490776062,7211.8073897361755,148.85851456969976,492.253451615572,0.08,0.08,1.49,-832.36
3/20,9/20,3500,350000,88.51781487464905,7167.5488386154175,146.10860368609428,460.84105202555656,0.06,0.06,2.03,-845.77
3/20,10/20,3550,355000,86.80633974075317,7142.3054575920105,148.15182507783175,465.3396186232567,0.07,0.07,2.14,-849.09
3/20,11/20,3600,360000,89.6661171913147,7224.113960266113,145.09929371625185,469.68198768794537,0.07,0.07,2.92,-774.65
3/20,12/20,3650,365000,88.18507742881775,7204.235050678253,144.54605298489332,450.8789651542902,0.05,0.05,2.66,-807.89
3/20,13/20,3700,370000,88.7479555606842,7279.494204044342,143.44999577105045,465.94560535252094,0.15,0.15,2.51,-794.89
3/20,14/20,3750,375000,90.39978384971619,7381.611753940582,142.99133952707052,470.65416033566,0.06,0.06,1.44,-742.62
3/20,15/20,3800,380000,91.65875720977783,7473.399022579193,144.0095620751381,464.7995476871729,0.14,0.14,2.24,-740.64
3/20,16/20,3850,385000,89.47624588012695,7478.367568016052,144.65835182368755,457.8124633580446,0.32,0.32,2.22,-717.79
3/20,17/20,3900,390000,88.33089756965637,7528.623595237732,140.20792474597692,461.0843559652567,0.28,0.28,2.57,-752.23
3/20,18/20,3950,395000,86.074214220047,7573.533645629883,145.11873777210712,497.9928964227438,0.17,0.17,2.73,-860.94
3/20,19/20,4000,400000,90.09817171096802,7575.7315974235535,143.65567220002413,433.88404896855354,0.14,0.14,1.25,-681.0
4/20,0/20,4050,405000,87.12024641036987,7702.347072601318,141.94501847028732,466.70842419564724,0.33,0.33,2.91,-852.33
4/20,1/20,4100,410000,87.94284772872925,7699.488399505615,144.63751442730427,493.1170648932457,0.2,0.2,5.21,-848.59
4/20,2/20,4150,415000,89.52706813812256,7803.034117698669,143.99866575747728,468.82821525633335,0.1,0.1,1.9,-809.2
4/20,3/20,4200,420000,87.98050475120544,7804.8200850486755,145.67705713957548,459.1045132577419,0.19,0.19,3.28,-775.46
4/20,4/20,4250,425000,88.00229907035828,7812.137180328369,144.53043301403522,494.2942648380995,0.1,0.1,3.37,-788.18
4/20,5/20,4300,430000,87.47782945632935,7834.34806728363,143.05161698907614,467.7911347001791,0.16,0.16,1.83,-854.39
4/20,6/20,4350,435000,88.8265495300293,7833.4406180381775,147.36240550130606,510.85665749013424,0.28,0.28,3.84,-853.96
4/20,7/20,4400,440000,88.70553874969482,7839.004486083984,146.35947328805923,467.66210240125656,0.2,0.2,2.62,-848.9
4/20,8/20,4450,445000,88.62460207939148,7843.898661613464,147.19282995909452,475.3988032788038,0.18,0.18,5.11,-836.19
4/20,9/20,4500,450000,88.94376611709595,7869.983096599579,147.68147791922092,506.99710270762444,0.17,0.17,1.76,-850.45
4/20,10/20,4550,455000,88.05668520927429,7864.257127285004,148.77708404511213,503.761068880558,0.16,0.16,2.8,-859.56
4/20,11/20,4600,460000,89.03162717819214,7873.734287261963,148.02161721885204,490.14368166029453,0.11,0.11,2.54,-869.83
4/20,12/20,4650,465000,90.30531454086304,7850.036006450653,149.13001392781734,503.4005600512028,0.13,0.13,3.28,-773.38
4/20,13/20,4700,470000,87.2007110118866,7774.37609577179,150.1465343758464,501.01595261693,0.07,0.07,4.29,-892.5
4/20,14/20,4750,475000,88.46941137313843,7790.247556686401,151.41066028177738,493.18111699819565,0.14,0.14,2.11,-831.12
4/20,15/20,4800,480000,89.58246064186096,7793.841825962067,153.53671576082706,525.8669276535511,0.14,0.14,1.48,-842.48
4/20,16/20,4850,485000,91.59871625900269,7786.863809585571,149.4121330678463,514.4212086498737,0.11,0.11,2.09,-671.11
4/20,17/20,4900,490000,88.34143352508545,7823.534384727478,150.41320472210646,494.03867430984974,0.52,0.52,2.43,-854.51
4/20,18/20,4950,495000,87.72416496276855,7815.09122133255,152.42134083807468,511.6959480792284,0.16,0.16,2.18,-869.52
4/20,19/20,5000,500000,89.20592427253723,7794.90683555603,152.2718924432993,558.9693747609854,0.19,0.19,1.37,-831.57
5/20,0/20,5050,505000,87.35161423683167,7639.956286907196,157.84997774660587,565.8695281594992,0.34,0.34,1.44,-840.76
5/20,1/20,5100,510000,86.92441320419312,7517.019221782684,162.939169973135,601.4581917822361,0.09,0.09,1.24,-890.74
5/20,2/20,5150,515000,84.81551814079285,7342.60515165329,164.43783306330442,619.5394003540277,0.19,0.19,1.48,-886.85
5/20,3/20,5200,520000,86.02954387664795,7165.352326869965,160.2277838140726,623.1414388269186,0.06,0.06,1.27,-885.6
5/20,4/20,5250,525000,85.92596793174744,7100.744028568268,158.7686481922865,562.4679185301065,0.24,0.24,1.93,-891.25
5/20,5/20,5300,530000,87.41469526290894,6973.788277626038,154.56667760759592,551.795281752944,0.21,0.21,3.35,-895.62
5/20,6/20,5350,535000,86.2441143989563,6894.899731636047,157.12571789324284,529.8391784876585,0.12,0.12,1.19,-900.41
5/20,7/20,5400,540000,86.3160388469696,6794.0225195884705,159.14241743087769,516.4144405424595,0.24,0.24,4.89,-892.98
5/20,8/20,5450,545000,86.59160804748535,6729.314546108246,156.06451497972012,473.4650037139654,0.09,0.09,1.7,-896.74
5/20,9/20,5500,550000,89.98994398117065,6687.0823402404785,156.52816877514124,446.0360312014818,0.24,0.24,1.75,-863.66
5/20,10/20,5550,555000,88.0082094669342,6710.59091758728,155.6417918652296,472.55948297679424,0.24,0.24,0.99,-884.85
5/20,11/20,5600,560000,87.01014971733093,6668.222246646881,154.57400242239237,427.4774030596018,0.47,0.47,2.58,-900.36
5/20,12/20,5650,565000,87.39996123313904,6714.516754627228,152.01945691555738,465.3162611722946,0.2,0.2,2.47,-905.26
5/20,13/20,5700,570000,87.72414684295654,6656.294794082642,151.906080044806,480.5886262655258,0.17,0.17,1.4,-890.71
5/20,14/20,5750,575000,89.34621477127075,6696.771957397461,150.2352869808674,467.1560015231371,0.18,0.18,1.55,-883.25
5/20,15/20,5800,580000,87.88968873023987,6775.7169280052185,149.84559873491526,459.81731797754765,0.17,0.17,1.66,-893.8
5/20,16/20,5850,585000,90.26447439193726,6791.265362739563,148.51330845803022,486.7285252958536,0.16,0.16,1.69,-802.28
5/20,17/20,5900,590000,88.72978043556213,6864.093263626099,149.6711785197258,469.55380906164646,0.29,0.29,2.3,-889.27
5/20,18/20,5950,595000,92.71147584915161,6897.0094838142395,148.49392648041248,461.4215621948242,0.07,0.07,1.51,-651.24
5/20,19/20,6000,600000,88.07541751861572,6919.011849403381,147.50766430795193,489.30941630899906,0.21,0.21,1.55,-854.15
6/20,0/20,6050,605000,87.42131733894348,6941.2323479652405,150.87035431712866,487.82130765914917,0.31,0.31,3.57,-867.8
6/20,1/20,6100,610000,89.23149061203003,6976.800534248352,150.97883046418428,501.01261080801487,0.14,0.14,1.52,-851.08
6/20,2/20,6150,615000,88.93414759635925,6947.888505458832,151.90656884759665,526.3711283355951,0.34,0.34,1.63,-884.35
6/20,3/20,6200,620000,90.16780400276184,6995.686957359314,151.50756727159023,490.0320212393999,0.36,0.36,2.36,-862.28
6/20,4/20,6250,625000,90.08756113052368,7012.5754952430725,151.19433503597975,534.0491511374712,0.14,0.14,1.18,-869.82
6/20,5/20,6300,630000,88.52995872497559,7029.295608997345,152.17011739313602,514.0825586766005,0.37,0.37,1.34,-876.14
6/20,6/20,6350,635000,88.89366436004639,6982.138145446777,152.4664575085044,526.928173661232,0.59,0.59,2.16,-895.37
6/20,7/20,6400,640000,89.2685558795929,6942.772747516632,156.5238675326109,549.7555652558804,0.3,0.3,1.0,-877.45
6/20,8/20,6450,645000,88.61442971229553,6913.8445200920105,158.1781366765499,524.9039159119129,0.34,0.34,0.4,-897.72
6/20,9/20,6500,650000,88.73850727081299,6833.562226295471,155.16482749581337,537.0924368202686,0.33,0.33,0.7,-902.01
6/20,10/20,6550,655000,90.0573501586914,6826.928029537201,154.4231236577034,555.7190071046352,0.26,0.26,0.36,-872.38
6/20,11/20,6600,660000,89.81897616386414,6796.930358409882,155.02134719491005,518.5480959415436,0.35,0.35,1.08,-846.39
6/20,12/20,6650,665000,87.42268347740173,6809.491064071655,156.48779526352882,552.9256043583155,0.24,0.24,2.11,-903.19
6/20,13/20,6700,670000,87.83087396621704,6742.152850627899,156.24790202081203,544.1044689267874,0.53,0.53,0.82,-888.26
6/20,14/20,6750,675000,90.02113795280457,6686.287675380707,158.04057462513447,513.5158651769161,0.11,0.11,0.45,-887.6
6/20,15/20,6800,680000,91.03779196739197,6645.648664474487,154.9515798613429,554.9155673533678,0.17,0.17,0.7,-777.92
6/20,16/20,6850,685000,90.02040529251099,6651.931756019592,156.04922832548618,525.8411499261856,0.5,0.5,0.59,-889.57
6/20,17/20,6900,690000,90.66529273986816,6625.200164318085,158.80317157506943,562.8310864418745,0.24,0.24,0.78,-667.85
6/20,18/20,6950,695000,89.96382331848145,6538.686696052551,157.5555477142334,577.7880273163319,0.52,0.52,0.44,-895.95
6/20,19/20,7000,700000,88.64691615104675,6501.427463054657,156.77738778293133,559.7614685148001,0.64,0.64,0.47,-890.0
7/20,0/20,7050,705000,88.2263457775116,6516.07839012146,154.74604113399982,530.2860199809074,0.66,0.66,0.53,-881.92
7/20,1/20,7100,710000,89.10223150253296,6492.659198284149,158.22083991020918,528.0123796463013,0.58,0.58,0.59,-886.52
7/20,2/20,7150,715000,91.92561435699463,6455.002389431,157.2172436863184,526.249791815877,0.24,0.24,0.48,-830.68
7/20,3/20,7200,720000,90.73895335197449,6374.838897705078,158.82480439543724,556.0934775173664,0.28,0.28,0.52,-884.61
7/20,4/20,7250,725000,91.86756086349487,6311.680766105652,156.35790089517832,538.277463465929,0.35,0.35,0.24,-855.43
7/20,5/20,7300,730000,89.00021839141846,6279.2784633636475,158.63941350579262,530.0814510881901,0.7,0.7,0.21,-901.32
7/20,6/20,7350,735000,89.81656527519226,6212.518710136414,159.16920438408852,551.7673644125462,0.24,0.24,0.37,-899.03
7/20,7/20,7400,740000,89.42130541801453,6173.58323097229,159.3149562627077,551.0187427997589,0.4,0.4,0.88,-903.75
7/20,8/20,7450,745000,90.0281331539154,6108.142948627472,157.55431972444057,527.7391455769539,0.32,0.32,0.43,-899.52
7/20,9/20,7500,750000,89.52015995979309,6074.005903720856,155.63158157467842,528.764328956604,0.39,0.39,0.71,-892.69
7/20,10/20,7550,755000,88.58769965171814,6012.041941165924,156.95132076740265,562.7720958590508,0.52,0.52,0.57,-895.97
7/20,11/20,7600,760000,90.25907111167908,5971.948323249817,158.10939590632915,528.5002019554377,0.51,0.51,0.63,-870.42
7/20,12/20,7650,765000,87.78757762908936,5943.442106723785,157.6933578401804,527.4575551450253,0.82,0.82,0.18,-909.49
7/20,13/20,7700,770000,90.98600959777832,5932.211096763611,156.26453478634357,514.8907738924026,0.46,0.46,0.22,-734.71
7/20,14/20,7750,775000,90.03310680389404,5943.673136711121,157.4064100086689,531.5720775276423,0.59,0.59,0.15,-868.26
7/20,15/20,7800,780000,89.12338423728943,5885.914047718048,159.06711757183075,528.7223806530237,0.84,0.84,0.47,-872.74
7/20,16/20,7850,785000,92.93340826034546,5911.879107952118,156.6146026700735,546.9441384077072,0.63,0.63,0.16,-541.65
7/20,17/20,7900,790000,90.70029044151306,5860.549280643463,155.685250967741,528.078760817647,0.47,0.47,0.35,-853.45
7/20,18/20,7950,795000,89.30735516548157,5836.344730377197,156.94048389792442,507.5814397186041,0.55,0.55,0.6,-880.34
7/20,19/20,8000,800000,91.38794159889221,5788.396508693695,160.2582505941391,570.6540797650814,0.56,0.56,0.31,-880.1
8/20,0/20,8050,805000,88.12645697593689,5769.005757808685,159.8924518674612,534.2090451568365,0.85,0.85,0.95,-907.16
8/20,1/20,8100,810000,89.74517560005188,5725.614479064941,156.90507899224758,518.5558643788099,0.7,0.7,0.49,-897.39
8/20,2/20,8150,815000,89.98157906532288,5694.792847633362,158.3897035419941,497.3213548362255,0.65,0.65,0.52,-902.93
8/20,3/20,8200,820000,89.01855492591858,5655.331101894379,161.0062681287527,518.2729081511497,0.77,0.77,0.42,-866.53
8/20,4/20,8250,825000,88.02363657951355,5610.419633865356,158.33500706404448,547.4903241693974,0.7,0.7,2.11,-921.74
8/20,5/20,8300,830000,90.56573033332825,5568.527853012085,159.35847029089928,528.2121745049953,0.77,0.77,0.45,-725.16
8/20,6/20,8350,835000,90.36364388465881,5590.672408103943,156.2014224231243,520.0124781578779,0.73,0.73,2.05,-892.25
8/20,7/20,8400,840000,88.67722368240356,5610.832694530487,157.20981117337942,507.33656919002533,0.76,0.76,0.51,-899.71
8/20,8/20,8450,845000,88.68581700325012,5599.8425760269165,157.9002736210823,524.224422454834,0.74,0.74,0.43,-895.84
8/20,9/20,8500,850000,89.93513321876526,5618.999423980713,159.3352347239852,500.7069503813982,0.56,0.56,0.59,-844.84
8/20,10/20,8550,855000,89.52294993400574,5585.976903438568,158.7958576977253,511.6365330815315,0.67,0.67,1.3,-888.04
8/20,11/20,8600,860000,90.29316854476929,5536.355725765228,159.41516610980034,513.0183407068253,0.77,0.77,0.35,-877.9
8/20,12/20,8650,865000,89.8949830532074,5510.153599739075,158.16628640890121,524.5472279042006,0.72,0.72,0.18,-898.23
8/20,13/20,8700,870000,89.5621726512909,5514.991961956024,161.63202734291553,515.4037586599588,0.63,0.63,0.19,-901.66
8/20,14/20,8750,875000,88.77355170249939,5489.045071601868,160.3922329545021,515.1635011434555,0.88,0.88,0.38,-895.96
8/20,15/20,8800,880000,85.8223648071289,5454.11631155014,158.98530745506287,524.6796390712261,0.89,0.89,0.29,-927.03
8/20,16/20,8850,885000,89.538498878479,5435.853083610535,157.78181037306786,493.7952612936497,0.62,0.62,0.29,-905.61
8/20,17/20,8900,890000,89.37709975242615,5377.490158081055,158.74005137383938,526.6923719346523,0.67,0.67,0.36,-882.54
8/20,18/20,8950,895000,89.24387621879578,5370.075782775879,159.46292543411255,501.7638013958931,0.7,0.7,0.62,-905.94
8/20,19/20,9000,900000,88.22760963439941,5374.586827754974,159.87706623971462,475.63188993930817,0.9,0.9,0.58,-879.88
9/20,0/20,9050,905000,89.46963334083557,5304.7159514427185,160.2592875957489,523.8092837184668,0.72,0.72,0.5,-889.96
9/20,1/20,9100,910000,86.65165328979492,5296.848449230194,159.52339906990528,535.1461371928453,0.91,0.91,0.69,-907.78
9/20,2/20,9150,915000,87.74747776985168,5285.39172744751,158.64818447828293,554.7116587609053,0.74,0.74,0.33,-900.29
9/20,3/20,9200,920000,88.62276411056519,5274.01499414444,160.20162965357304,513.9161266982555,0.84,0.84,0.82,-907.0
9/20,4/20,9250,925000,88.23014497756958,5222.633169412613,157.93202970921993,521.1098495274782,0.98,0.98,1.9,-902.58
9/20,5/20,9300,930000,87.9955735206604,5236.050593614578,159.13255034387112,508.03664384782314,0.85,0.85,0.27,-896.93
9/20,6/20,9350,935000,86.38472032546997,5199.272261619568,158.1751015856862,507.730003207922,1.0,1.0,0.47,-917.85
9/20,7/20,9400,940000,88.06804513931274,5170.841616153717,158.26430298388004,493.46030032634735,0.65,0.65,1.57,-901.51
9/20,8/20,9450,945000,89.44269919395447,5196.6086683273315,158.9364785850048,493.21794694662094,0.78,0.78,0.29,-855.2
9/20,9/20,9500,950000,88.35725474357605,5153.4427399635315,159.2901287674904,519.5807049423456,0.86,0.86,0.12,-880.93
9/20,10/20,9550,955000,87.53474593162537,5116.924389600754,161.19641314446926,487.19574692845345,0.96,0.96,0.29,-904.02
9/20,11/20,9600,960000,86.3506669998169,5102.390615940094,158.40016563236713,523.7044211030006,0.91,0.91,0.41,-906.56
9/20,12/20,9650,965000,86.78512263298035,5087.102430820465,157.75729013979435,490.02805706858635,0.95,0.95,0.93,-905.51
9/20,13/20,9700,970000,87.44203805923462,5102.87953877449,159.3450176268816,520.7808974087238,0.82,0.82,0.28,-895.36
9/20,14/20,9750,975000,89.5747241973877,5093.844005584717,158.9885040074587,476.25670981407166,0.98,0.98,0.11,-905.74
9/20,15/20,9800,980000,92.02909684181213,5065.595424413681,158.35796558111906,483.5100129246712,0.98,0.98,0.14,-910.86
9/20,16/20,9850,985000,92.03725981712341,5080.5844004154205,157.76477301120758,494.80389380455017,0.96,0.96,0.17,-902.89
9/20,17/20,9900,990000,93.53374218940735,5091.007233381271,158.00744512677193,495.51190680265427,0.87,0.87,0.27,-903.77
9/20,18/20,9950,995000,91.43218231201172,5031.856885433197,156.94066505134106,499.5734198242426,0.84,0.84,0.2,-908.31
9/20,19/20,10000,1000000,94.8680636882782,5018.391044139862,159.87036649882793,499.15738040208817,0.88,0.88,0.06,-903.94
10/20,0/20,10050,1005000,94.3659930229187,4968.337518453598,159.22466446459293,481.0603605210781,0.93,0.93,0.21,-906.11
10/20,1/20,10100,1010000,94.22032809257507,4935.481456756592,158.5495927631855,540.666106775403,0.93,0.93,0.07,-897.61
10/20,2/20,10150,1015000,97.13020420074463,4927.588270664215,157.3117063343525,488.5554733276367,0.86,0.86,0.05,-859.86
10/20,3/20,10200,1020000,98.00273656845093,4935.228766202927,158.70303381979465,482.30638855695724,0.97,0.97,0.04,-911.84
10/20,4/20,10250,1025000,101.38669919967651,4912.362880706787,158.04270726442337,440.59164771437645,0.96,0.96,0.12,-901.76
10/20,5/20,10300,1030000,104.27216339111328,4924.810019493103,158.51913960278034,514.104819521308,0.96,0.96,0.03,-900.82
10/20,6/20,10350,1035000,106.72230005264282,4847.974661827087,160.70957677066326,465.36572843790054,0.86,0.86,0.15,-865.59
10/20,7/20,10400,1040000,106.26590204238892,4834.997173309326,160.60414707660675,472.9018593132496,0.96,0.96,0.09,-902.92
10/20,8/20,10450,1045000,107.40476727485657,4839.051337480545,158.84351640939713,494.79816822707653,0.93,0.93,0.13,-868.16
10/20,9/20,10500,1050000,110.06240558624268,4782.427267551422,158.36025293171406,505.1211246699095,0.89,0.89,0.3,-908.65
10/20,10/20,10550,1055000,108.78157114982605,4772.00227689743,157.96518386900425,512.4752246290445,0.95,0.95,0.45,-912.47
10/20,11/20,10600,1060000,114.25617408752441,4754.21199965477,156.35688734799623,536.4829552173615,0.86,0.86,0.06,-891.47
10/20,12/20,10650,1065000,112.82620024681091,4760.951404571533,158.66451027989388,511.47747722268105,0.97,0.97,1.17,-897.99
10/20,13/20,10700,1070000,111.9943106174469,4748.10190653801,153.88674637675285,544.6003572940826,0.94,0.94,0.03,-906.26
10/20,14/20,10750,1075000,113.91727375984192,4705.4319858551025,157.86282753944397,492.0808082520962,0.96,0.96,0.03,-897.76
10/20,15/20,10800,1080000,112.88558650016785,4736.878318071365,158.21753127872944,490.3178103119135,0.97,0.97,0.25,-908.48
10/20,16/20,10850,1085000,118.47651624679565,4701.870798110962,158.67943054437637,482.42832593619823,0.84,0.84,0.05,-828.32
10/20,17/20,10900,1090000,121.82172274589539,4703.279983997345,157.0247006714344,537.0191692262888,0.89,0.89,0.04,-667.19
10/20,18/20,10950,1095000,116.9420371055603,4690.677266597748,155.84197068214417,467.6501322835684,0.99,0.99,0.0,-900.15
10/20,19/20,11000,1100000,116.3020133972168,4675.1520392894745,158.15974141657352,474.15299823880196,0.95,0.95,0.09,-906.48
11/20,0/20,11050,1105000,122.26818132400513,4678.863839149475,158.4733781069517,470.11545273661613,1.0,1.0,0.04,-892.01
11/20,1/20,11100,1110000,119.52649545669556,4658.430824995041,156.0878317952156,541.5551587790251,0.95,0.95,0.02,-891.26
11/20,2/20,11150,1115000,120.6521475315094,4630.2237067222595,157.44987136125565,506.2472310960293,0.99,0.99,0.09,-891.12
11/20,3/20,11200,1120000,123.14918112754822,4651.2428150177,157.81310673058033,528.6869612038136,0.94,0.94,0.24,-890.3
11/20,4/20,11250,1125000,124.98378038406372,4618.052796840668,156.83194155991077,479.1863226592541,0.88,0.88,0.18,-888.5
11/20,5/20,11300,1130000,125.13116478919983,4615.423209428787,158.71660229563713,481.78507103025913,0.97,0.97,0.06,-810.78
11/20,6/20,11350,1135000,121.61386442184448,4598.326061248779,160.2838001102209,498.51865780353546,1.0,1.0,0.04,-904.61
11/20,7/20,11400,1140000,124.48173379898071,4580.764715909958,159.32582430541515,540.9595753997564,0.99,0.99,0.03,-889.11
11/20,8/20,11450,1145000,123.11047959327698,4570.41633605957,158.6827464401722,491.9114100933075,0.9,0.9,0.11,-896.12
11/20,9/20,11500,1150000,124.1160888671875,4538.18443775177,157.29622073471546,515.8119103610516,0.96,0.96,0.04,-902.89
11/20,10/20,11550,1155000,123.39227485656738,4524.165508031845,157.72653129696846,467.0459523051977,1.0,1.0,0.12,-903.77
11/20,11/20,11600,1160000,126.97707962989807,4517.216806173325,157.38956205546856,503.26073202490807,0.99,0.99,0.0,-904.25
11/20,12/20,11650,1165000,125.9075973033905,4496.428503513336,157.68653769791126,464.1376442760229,1.0,1.0,0.15,-895.96
11/20,13/20,11700,1170000,124.10884594917297,4476.203146696091,159.94583025574684,500.4982101768255,0.96,0.96,0.07,-913.57
11/20,14/20,11750,1175000,126.03099322319031,4433.808380842209,157.51666958630085,451.7718704789877,0.99,0.99,0.0,-901.87
11/20,15/20,11800,1180000,126.635582447052,4407.045316696167,159.0151677429676,486.0010906904936,0.98,0.98,0.09,-913.28
11/20,16/20,11850,1185000,127.29500651359558,4422.120958566666,156.71612486243248,465.8822287172079,0.96,0.96,0.06,-883.35
11/20,17/20,11900,1190000,126.18594694137573,4404.626126050949,157.81544822454453,478.26433850824833,0.98,0.98,0.01,-872.68
11/20,18/20,11950,1195000,129.64113092422485,4408.931339025497,155.67729753255844,481.5483651012182,0.93,0.93,0.07,-798.6
11/20,19/20,12000,1200000,129.89575481414795,4396.243611574173,155.23129434883595,471.430690407753,1.0,1.0,0.01,-896.48
12/20,0/20,12050,1205000,127.60684394836426,4350.966121196747,160.18875932693481,466.8497733473778,0.99,0.99,0.07,-864.55
12/20,1/20,12100,1210000,126.65007138252258,4330.720325469971,161.4654370099306,472.1136783659458,0.99,0.99,0.02,-856.77
12/20,2/20,12150,1215000,127.53600263595581,4281.747202634811,158.11955530941486,480.47525322437286,0.99,0.99,0.06,-886.56
12/20,3/20,12200,1220000,128.5092043876648,4263.3302319049835,157.50348369777203,460.5686172246933,0.99,0.99,0.05,-859.1
12/20,4/20,12250,1225000,129.73714017868042,4244.691877603531,158.34217563271523,465.1356848478317,0.96,0.96,0.21,-903.85
12/20,5/20,12300,1230000,129.8621950149536,4233.342534780502,156.73392383754253,505.3573524206877,1.0,1.0,0.06,-875.69
12/20,6/20,12350,1235000,127.01056146621704,4244.081264972687,156.85697722434998,476.68085703253746,0.99,0.99,0.4,-907.28
12/20,7/20,12400,1240000,130.31753277778625,4228.690267086029,160.61961242556572,452.99034281075,1.0,1.0,0.2,-752.84
12/20,8/20,12450,1245000,131.14923238754272,4243.457168102264,158.49370515346527,469.8239744454622,1.0,1.0,0.95,-752.76
12/20,9/20,12500,1250000,127.59417486190796,4232.744496107101,158.2522239536047,519.3473461121321,0.93,0.93,0.02,-818.63
12/20,10/20,12550,1255000,130.59436702728271,4254.08756685257,158.09000073373318,471.5634959936142,0.95,0.95,0.05,-834.64
12/20,11/20,12600,1260000,132.72154664993286,4266.870374202728,157.1397261172533,467.85697305202484,0.95,0.95,0.08,-824.02
12/20,12/20,12650,1265000,133.2022683620453,4240.606557369232,155.27998134493828,508.2927796840668,0.97,0.97,0.03,-634.7
12/20,13/20,12700,1270000,130.4945011138916,4252.763772726059,157.41225504130125,511.08399599790573,0.89,0.89,0.34,-787.95
12/20,14/20,12750,1275000,131.21872973442078,4256.511566877365,155.67042957246304,482.3528645783663,1.0,1.0,0.47,-843.8
12/20,15/20,12800,1280000,131.08934473991394,4229.776473283768,155.40353402495384,488.8344456553459,0.99,0.99,0.43,-551.26
12/20,16/20,12850,1285000,131.31434416770935,4178.785631656647,156.1308338791132,509.8416645079851,0.97,0.97,0.44,-836.21
12/20,17/20,12900,1290000,131.1542456150055,4149.181050777435,156.96724353730679,434.2354643344879,0.99,0.99,0.0,-759.8
12/20,18/20,12950,1295000,134.94238376617432,4118.245043754578,158.88131757080555,476.48766438663006,1.0,1.0,0.04,-537.09
12/20,19/20,13000,1300000,132.7609543800354,4123.041361570358,158.40936361253262,497.6458097398281,0.98,0.98,0.02,-693.0
13/20,0/20,13050,1305000,134.31732749938965,4105.845663070679,155.92744395136833,438.3340499550104,0.96,0.96,0.05,-759.57
13/20,1/20,13100,1310000,131.4323763847351,4133.078597545624,156.96509724855423,477.7043557614088,0.95,0.95,0.26,-780.43
13/20,2/20,13150,1315000,130.43383884429932,4099.183320760727,159.07453987002373,499.46612161397934,0.93,0.93,0.06,-694.08
13/20,3/20,13200,1320000,129.86897134780884,4101.493587732315,158.85574778914452,479.12017522752285,0.94,0.94,0.04,-781.87
13/20,4/20,13250,1325000,133.45389580726624,4103.129394292831,156.37988637387753,486.9418484866619,0.99,0.99,0.02,-800.29
13/20,5/20,13300,1330000,132.40135526657104,4096.715049743652,156.9569383263588,485.8709026277065,0.9,0.9,0.06,-626.15
13/20,6/20,13350,1335000,136.40030479431152,4078.5083150863647,158.1996482461691,464.14056620001793,0.99,0.99,0.0,-464.74
13/20,7/20,13400,1340000,135.5728883743286,4076.226709842682,158.40483117103577,499.21746748685837,0.99,0.99,0.03,-722.22
13/20,8/20,13450,1345000,135.71929168701172,4038.5320093631744,156.761663839221,482.93424339592457,0.97,0.97,0.49,-484.29
13/20,9/20,13500,1350000,136.05452394485474,4035.6834213733673,158.8432678580284,472.42515030503273,1.0,1.0,0.0,-515.88
13/20,10/20,13550,1355000,135.32634806632996,4037.4339191913605,159.50530344247818,512.0183274000883,0.98,0.98,0.17,-598.61
13/20,11/20,13600,1360000,137.3105046749115,4032.1911504268646,159.5550713390112,492.1448955088854,0.92,0.92,0.01,-220.22
13/20,12/20,13650,1365000,133.86524176597595,4010.96262717247,157.5440358519554,477.61614179611206,0.72,0.72,0.0,-558.15
13/20,13/20,13700,1370000,135.28718209266663,4020.9604454040527,157.84159599244595,450.55565740168095,0.98,0.98,0.01,-401.93
13/20,14/20,13750,1375000,137.22017407417297,3970.318930387497,159.89634750783443,480.0161339342594,0.97,0.97,0.1,-408.4
13/20,15/20,13800,1380000,134.16492748260498,3930.1213297843933,160.6748767197132,474.84117075800896,0.98,0.98,0.01,-370.78
13/20,16/20,13850,1385000,136.09099054336548,3964.0156536102295,160.1298622637987,508.31956385076046,1.0,1.0,0.04,-439.65
13/20,17/20,13900,1390000,136.9268774986267,3929.9043633937836,156.6421056240797,437.93160915374756,0.99,0.99,0.03,-377.75
13/20,18/20,13950,1395000,133.91608810424805,3934.03267288208,157.15907698869705,469.083853751421,0.54,0.54,0.07,-483.25
13/20,19/20,14000,1400000,136.45327401161194,3957.2913875579834,159.69529220461845,481.55832186341286,0.65,0.65,0.05,-463.83
14/20,0/20,14050,1405000,137.40178084373474,3917.8770921230316,159.25465378165245,489.56843499839306,0.98,0.98,0.04,-450.89
14/20,1/20,14100,1410000,135.56918811798096,3936.166307449341,156.74906949698925,469.77942910790443,0.98,0.98,0.13,-551.38
14/20,2/20,14150,1415000,133.44256806373596,3938.7751758098602,156.4994743615389,463.80025938153267,0.96,0.96,0.05,-614.05
14/20,3/20,14200,1420000,135.29269456863403,3915.054836034775,157.44094122946262,451.4316175431013,0.99,0.99,0.26,-438.86
14/20,4/20,14250,1425000,134.22179698944092,3893.9589853286743,160.11436940729618,455.87939651310444,1.0,1.0,0.02,-450.73
14/20,5/20,14300,1430000,134.86625719070435,3867.301085948944,160.98351526260376,412.57122541964054,0.85,0.85,0.03,-465.61
14/20,6/20,14350,1435000,136.47165846824646,3873.149811029434,155.4391054660082,536.1069444864988,1.0,1.0,0.06,-585.75
14/20,7/20,14400,1440000,135.18656134605408,3839.216203689575,157.84092515707016,489.9613315463066,0.98,0.98,0.02,-335.02
14/20,8/20,14450,1445000,136.43629550933838,3835.3130753040314,159.94384568929672,486.2803159803152,0.98,0.98,0.11,-435.02
14/20,9/20,14500,1450000,135.69650173187256,3813.930643081665,157.1237004995346,444.3285211920738,1.0,1.0,0.01,-377.82
14/20,10/20,14550,1455000,138.6659014225006,3780.621561765671,156.1752810627222,508.8026379197836,0.93,0.93,0.07,-231.06
14/20,11/20,14600,1460000,139.96696591377258,3772.2386198043823,154.65994907915592,469.9684021100402,0.99,0.99,0.02,-214.88
14/20,12/20,14650,1465000,137.1156096458435,3776.1943497657776,156.59396089613438,480.18560795485973,0.99,0.99,0.05,-360.65
14/20,13/20,14700,1470000,137.00790452957153,3783.194399833679,157.0257240086794,503.27179792523384,1.0,1.0,0.08,-380.48
14/20,14/20,14750,1475000,137.61153078079224,3789.230097055435,156.21168611943722,545.9070760905743,1.0,1.0,0.23,-303.2
14/20,15/20,14800,1480000,138.75733733177185,3811.5357718467712,157.89902648329735,509.48096111416817,1.0,1.0,0.27,-406.87
14/20,16/20,14850,1485000,139.612539768219,3783.848373413086,156.6263244599104,463.0502799898386,0.96,0.96,0.0,-391.24
14/20,17/20,14900,1490000,136.95706748962402,3786.8983318805695,158.53950090706348,518.3518898934126,1.0,1.0,0.14,-343.48
14/20,18/20,14950,1495000,136.8715958595276,3766.088217973709,157.6288914680481,537.8516145795584,0.99,0.99,0.03,-173.83
14/20,19/20,15000,1500000,134.06178522109985,3782.4867403507233,158.65968111157417,474.4678234755993,0.91,0.91,0.04,-621.6
15/20,0/20,15050,1505000,136.3496265411377,3794.0653455257416,157.18119724094868,475.5271260291338,0.98,0.98,0.04,-277.69
15/20,1/20,15100,1510000,140.1232569217682,3773.1379187107086,156.99189779162407,500.94018563628197,0.99,0.99,0.05,-153.33
15/20,2/20,15150,1515000,134.65174317359924,3769.5422434806824,157.28905947506428,508.9101494550705,0.95,0.95,0.0,-434.15
15/20,3/20,15200,1520000,138.25353407859802,3785.031688928604,158.8120021224022,502.26844504475594,1.0,1.0,0.13,-411.38
15/20,4/20,15250,1525000,137.14772272109985,3762.738437652588,157.74815566837788,446.1900203078985,0.94,0.94,0.06,-328.06
15/20,5/20,15300,1530000,140.4007363319397,3774.5342195034027,158.63347923755646,490.49160085618496,1.0,1.0,0.09,-308.04
15/20,6/20,15350,1535000,139.2266354560852,3750.0919806957245,156.8568701148033,478.34654927253723,1.0,1.0,0.01,-257.44
15/20,7/20,15400,1540000,139.64107728004456,3747.5269548892975,159.2011379301548,477.5077320188284,0.78,0.78,0.05,-446.16
15/20,8/20,15450,1545000,135.28791546821594,3750.04332113266,157.0726152062416,444.80947656929493,0.99,0.99,0.03,-513.2
15/20,9/20,15500,1550000,134.71994853019714,3761.9211382865906,158.88157200813293,480.0210013985634,0.99,0.99,0.02,-453.44
15/20,10/20,15550,1555000,139.19973063468933,3765.7739629745483,159.5511109083891,446.62588430941105,0.99,0.99,0.02,-335.0
15/20,11/20,15600,1560000,138.35696172714233,3709.241356611252,160.20078766345978,517.7828186452389,0.99,0.99,0.01,-339.74
15/20,12/20,15650,1565000,138.62224054336548,3678.6871843338013,158.14815139770508,439.8621005117893,0.99,0.99,0.04,-334.03
15/20,13/20,15700,1570000,135.58186507225037,3675.523606300354,157.84271582961082,400.0932001620531,1.0,1.0,0.08,-178.64
15/20,14/20,15750,1575000,130.43180131912231,3658.951519727707,159.02047988772392,483.14980663359165,0.99,0.99,0.05,-387.75
15/20,15/20,15800,1580000,132.48404693603516,3655.278207063675,159.47193384170532,489.97982643544674,1.0,1.0,0.02,-549.34
15/20,16/20,15850,1585000,135.32631659507751,3637.1640408039093,157.5351694971323,447.9104302972555,1.0,1.0,0.01,-620.31
15/20,17/20,15900,1590000,111.68807244300842,3675.911782979965,159.75448249280453,420.731112614274,1.0,1.0,0.02,-330.27
15/20,18/20,15950,1595000,116.67689299583435,3640.5258152484894,159.486540466547,447.2659370005131,1.0,1.0,0.19,-370.02
15/20,19/20,16000,1600000,105.79113388061523,3623.4965381622314,158.71934650838375,424.014883890748,0.99,0.99,0.0,-449.18
16/20,0/20,16050,1605000,108.89633011817932,3633.0809237957,159.84228645265102,466.31700034439564,0.99,0.99,0.02,-856.11
16/20,1/20,16100,1610000,108.34649181365967,3642.2251687049866,157.62813939154148,470.639202862978,1.0,1.0,0.13,-730.44
16/20,2/20,16150,1615000,109.80996942520142,3632.922919511795,156.93513129651546,469.73585626482964,0.97,0.97,0.07,-736.77
16/20,3/20,16200,1620000,110.42856812477112,3625.66970205307,160.56234495341778,461.2068544179201,0.97,0.97,0.04,-718.61
16/20,4/20,16250,1625000,113.15956115722656,3617.682975769043,159.4934525936842,444.3703529238701,0.93,0.93,0.03,-504.64
16/20,5/20,16300,1630000,109.14094662666321,3625.085944414139,160.65229023993015,464.02848495543003,1.0,1.0,0.04,-666.85
16/20,6/20,16350,1635000,115.15739679336548,3647.3893764019012,157.27983489632607,450.66797728836536,0.99,0.99,0.03,-485.15
16/20,7/20,16400,1640000,112.02324366569519,3631.448799610138,159.45290084183216,435.10911820828915,0.96,0.96,0.02,-502.52
16/20,8/20,16450,1645000,105.02688360214233,3628.3611710071564,157.68508718907833,470.3936562240124,0.99,0.99,0.16,-798.35
16/20,9/20,16500,1650000,110.35265684127808,3607.742940425873,157.2481831163168,468.6594956815243,0.99,0.99,0.0,-511.62
16/20,10/20,16550,1655000,106.43099331855774,3627.8869087696075,156.00284086167812,487.7733777910471,0.98,0.98,0.01,-718.26
16/20,11/20,16600,1660000,113.35789704322815,3598.1902136802673,157.21036322414875,437.5762951672077,0.98,0.98,0.03,-697.9
16/20,12/20,16650,1665000,106.13263845443726,3573.6116518974304,159.2535885423422,433.33377343416214,0.95,0.95,0.07,-550.5
16/20,13/20,16700,1670000,111.95663809776306,3587.759028673172,157.54800584167242,477.30655263364315,0.99,0.99,0.05,-509.31
16/20,14/20,16750,1675000,111.1613986492157,3549.805428981781,161.51813313364983,506.16464775800705,0.97,0.97,0.07,-572.66
16/20,15/20,16800,1680000,106.38851690292358,3560.4585542678833,159.45108291506767,446.584607437253,0.95,0.95,0.01,-500.69
16/20,16/20,16850,1685000,111.40205836296082,3568.410664319992,157.67226952314377,441.28578984737396,0.99,0.99,0.03,-428.09
16/20,17/20,16900,1690000,108.13163304328918,3563.0344984531403,159.04119727015495,448.69444562494755,0.99,0.99,0.03,-603.36
16/20,18/20,16950,1695000,112.10374855995178,3559.028954744339,158.4434771090746,450.11161525547504,1.0,1.0,0.05,-599.67
16/20,19/20,17000,1700000,105.42571949958801,3564.9142389297485,159.5151228159666,433.10267178714275,1.0,1.0,0.1,-664.94
17/20,0/20,17050,1705000,113.4405026435852,3563.648880958557,157.9641312211752,439.0049346089363,1.0,1.0,0.07,-553.82
17/20,1/20,17100,1710000,107.54006910324097,3562.6985833644867,158.84739603102207,440.06935155391693,1.0,1.0,0.64,-405.39
17/20,2/20,17150,1715000,105.80389189720154,3593.072836637497,159.9235372915864,452.47878953814507,0.99,0.99,0.26,-661.3
17/20,3/20,17200,1720000,106.55710291862488,3590.6486237049103,159.8945001810789,446.0556139945984,0.94,0.94,0.37,-798.68
17/20,4/20,17250,1725000,107.6975793838501,3557.9896037578583,160.3548086732626,452.55264104902744,1.0,1.0,0.01,-674.46
17/20,5/20,17300,1730000,107.37685489654541,3591.1764039993286,159.147126019001,451.88382068276405,0.98,0.98,0.16,-591.17
17/20,6/20,17350,1735000,107.16311597824097,3560.6723942756653,157.79816980659962,443.30255994200706,0.97,0.97,0.0,-442.1
17/20,7/20,17400,1740000,111.87194728851318,3558.6605112552643,159.29571157693863,447.5013240277767,1.0,1.0,0.01,-758.56
17/20,8/20,17450,1745000,115.03783631324768,3558.8578038215637,158.8075868189335,428.83959275484085,0.99,0.99,0.02,-765.57
17/20,9/20,17500,1750000,103.7267017364502,3544.724849462509,159.1442312002182,495.59169486165047,0.98,0.98,0.06,-734.71
17/20,10/20,17550,1755000,104.69424033164978,3550.34125828743,159.2710158675909,464.5592292845249,0.98,0.98,0.04,-856.29
17/20,11/20,17600,1760000,106.21939992904663,3563.142997264862,159.58858627080917,455.21702199429274,0.99,0.99,0.1,-875.21
17/20,12/20,17650,1765000,108.68529915809631,3527.050025701523,159.02668310701847,455.1770183444023,0.98,0.98,0.32,-541.25
17/20,13/20,17700,1770000,110.97163891792297,3544.6452956199646,160.97900971770287,439.6568465232849,0.98,0.98,0.23,-846.4
17/20,14/20,17750,1775000,104.28423762321472,3537.58669757843,161.61434450745583,482.411602050066,0.98,0.98,0.5,-606.51
17/20,15/20,17800,1780000,107.21336102485657,3504.0699083805084,160.1795375943184,445.63630567491055,0.96,0.96,0.03,-718.08
17/20,16/20,17850,1785000,107.7123908996582,3539.4158256053925,158.86898189783096,460.86420284211636,0.98,0.98,0.05,-766.78
17/20,17/20,17900,1790000,104.56082129478455,3553.400230407715,159.59316955506802,503.98880214989185,0.99,0.99,0.17,-808.33
17/20,18/20,17950,1795000,105.08387446403503,3527.77060341835,163.28726755082607,467.4989070594311,1.0,1.0,0.13,-798.85
17/20,19/20,18000,1800000,101.27756094932556,3509.7172558307648,160.64124354720116,464.934905603528,1.0,1.0,0.03,-892.75
18/20,0/20,18050,1805000,108.41530680656433,3510.1843473911285,159.94954171776772,477.8155073225498,0.99,0.99,0.04,-706.58
18/20,1/20,18100,1810000,105.42809700965881,3503.8554763793945,159.75182305276394,456.1321556866169,1.0,1.0,1.12,-786.82
18/20,2/20,18150,1815000,105.23174118995667,3500.5083968639374,158.38936612010002,479.0782979130745,0.98,0.98,0.2,-654.02
18/20,3/20,18200,1820000,107.18777441978455,3509.070723295212,157.63307829201221,499.59071946144104,1.0,1.0,0.05,-584.33
18/20,4/20,18250,1825000,112.42247867584229,3514.7752821445465,158.70234720408916,453.0743902474642,0.99,0.99,0.15,-759.6
18/20,5/20,18300,1830000,107.60440516471863,3526.990393638611,159.45902653038502,533.1059640347958,0.98,0.98,0.0,-758.25
18/20,6/20,18350,1835000,104.10747814178467,3501.08043217659,157.14616629481316,496.45351576805115,1.0,1.0,0.06,-685.61
18/20,7/20,18400,1840000,104.57033181190491,3511.9243772029877,157.24993608891964,447.1044952273369,0.97,0.97,0.2,-800.09
18/20,8/20,18450,1845000,115.96795177459717,3501.46773147583,159.53048352897167,452.54623191058636,1.0,1.0,0.05,-741.15
18/20,9/20,18500,1850000,110.18400192260742,3487.4975900650024,160.13742208480835,432.15419612824917,0.95,0.95,0.22,-592.73
18/20,10/20,18550,1855000,105.4889395236969,3480.887613296509,159.96335317194462,451.1521011143923,0.98,0.98,0.04,-710.39
18/20,11/20,18600,1860000,113.33789587020874,3486.272275686264,160.0575216859579,438.2135530412197,0.99,0.99,0.15,-530.02
18/20,12/20,18650,1865000,101.67061638832092,3468.5291635990143,161.3100163936615,407.31550528109074,0.97,0.97,0.13,-799.99
18/20,13/20,18700,1870000,113.2413682937622,3448.43558549881,158.50427314639091,430.77100555598736,1.0,1.0,0.1,-609.41
18/20,14/20,18750,1875000,105.9345109462738,3490.9281957149506,158.46648876369,463.34350107610226,0.84,0.84,0.08,-517.68
18/20,15/20,18800,1880000,108.54672527313232,3498.640802383423,161.3187586516142,457.2608501315117,1.0,1.0,0.07,-765.7
18/20,16/20,18850,1885000,108.72988224029541,3495.5837111473083,159.8066215366125,508.31709955632687,0.92,0.92,0.1,-435.49
18/20,17/20,18900,1890000,104.93070769309998,3504.207222223282,160.98399855196476,484.89697843790054,0.97,0.97,0.09,-513.08
18/20,18/20,18950,1895000,116.67164444923401,3486.440181016922,164.1930626630783,500.062470972538,0.99,0.99,0.03,-466.71
18/20,19/20,19000,1900000,110.36314415931702,3481.1434223651886,158.8259169459343,490.60105253756046,0.98,0.98,0.1,-523.67
19/20,0/20,19050,1905000,107.27931547164917,3478.0663273334503,158.93277928233147,423.93385076522827,0.85,0.85,0.03,-569.4
19/20,1/20,19100,1910000,111.32810282707214,3452.231768131256,159.2427400201559,469.40566240251064,0.97,0.97,0.04,-605.65
19/20,2/20,19150,1915000,111.71873760223389,3455.0452320575714,159.45898860692978,449.0666012316942,0.97,0.97,0.16,-599.13
19/20,3/20,19200,1920000,108.05020785331726,3472.4401462078094,159.79559068381786,478.5424664616585,0.94,0.94,0.11,-651.44
19/20,4/20,19250,1925000,112.73138213157654,3491.402932405472,161.41609397530556,470.45233485102654,1.0,1.0,0.12,-720.55
19/20,5/20,19300,1930000,107.30751633644104,3482.9427700042725,160.64237520098686,448.26766596734524,1.0,1.0,0.03,-806.36
19/20,6/20,19350,1935000,105.50956010818481,3498.7891812324524,160.29533705115318,470.88453087210655,1.0,1.0,0.02,-834.76
19/20,7/20,19400,1940000,108.16503667831421,3474.485498905182,162.35502262413502,467.66013883054256,0.97,0.97,0.0,-860.75
19/20,8/20,19450,1945000,108.17094230651855,3478.720747947693,160.12334530055523,467.9916278719902,0.97,0.97,0.25,-771.07
19/20,9/20,19500,1950000,106.74837803840637,3489.847289085388,160.83089372515678,447.5272834300995,0.98,0.98,0.03,-793.86
19/20,10/20,19550,1955000,106.66460251808167,3486.317883491516,160.31479877233505,484.46435713768005,0.98,0.98,0.03,-832.94
19/20,11/20,19600,1960000,105.9708354473114,3509.177022457123,159.34127213060856,447.9498449936509,0.99,0.99,0.12,-873.33
19/20,12/20,19650,1965000,106.21877384185791,3510.5062572956085,159.07601176202297,462.4959933459759,0.98,0.98,0.05,-743.48
19/20,13/20,19700,1970000,108.53044748306274,3529.6750197410583,162.2613659799099,439.3168594390154,1.0,1.0,0.14,-813.53
19/20,14/20,19750,1975000,102.19842267036438,3503.7945580482483,161.49316994845867,474.6855873465538,1.0,1.0,0.1,-903.68
19/20,15/20,19800,1980000,101.89065051078796,3511.7021310329437,161.46545746922493,497.2382865920663,0.99,0.99,0.1,-899.78
19/20,16/20,19850,1985000,108.94204139709473,3525.520998477936,161.73053438961506,459.47525921463966,0.99,0.99,0.14,-810.18
19/20,17/20,19900,1990000,102.56905174255371,3540.9471876621246,161.82143250107765,514.8991674035788,0.96,0.96,0.13,-824.69
19/20,18/20,19950,1995000,103.96722984313965,3528.7142231464386,161.48729087412357,418.7076272368431,0.96,0.96,0.2,-813.11
19/20,19/20,20000,2000000,117.71994042396545,3545.8880841732025,161.20009882748127,501.7686001807451,0.99,0.99,0.03,-836.58
0/20,0/20,50,5000,63.16796827316284,,,,0.0,0.0,0.0,-878.5
0/20,1/20,100,10000,70.34083771705627,7.60823054658249,0.2083107535727322,3.6814305186271667,0.0,0.0,0.0,-705.61
0/20,2/20,150,15000,88.7165539264679,886.365351587534,17.789429917465895,32.824315790086985,0.0,0.0,0.0,-201.7
0/20,3/20,200,20000,85.67224884033203,1568.3586201667786,80.33228031545877,40.234358538873494,0.0,0.0,0.0,-618.58
0/20,4/20,250,25000,86.51970601081848,2013.5502171516418,104.93699713051319,41.22889023274183,0.0,0.0,0.0,-340.75
0/20,5/20,300,30000,89.64056396484375,2413.063642024994,106.49591001868248,42.956134567037225,0.0,0.0,0.0,-106.93
0/20,6/20,350,35000,84.68052577972412,2785.5492680072784,112.3562390729785,44.47697732411325,0.0,0.0,0.9,-750.52
0/20,7/20,400,40000,87.8327989578247,3160.4217824935913,118.17207914590836,45.223103107884526,0.0,0.0,0.0,-649.63
0/20,8/20,450,45000,86.57078289985657,3462.4057383537292,124.62277462333441,48.91274607181549,0.0,0.0,0.0,-664.57
0/20,9/20,500,50000,89.17211294174194,3839.7247564792633,123.04737570136786,51.014477882534266,0.0,0.0,0.0,-100.0
0/20,10/20,550,55000,88.85828924179077,4189.460727453232,129.14365185052156,56.56595513783395,0.0,0.0,0.51,-421.9
0/20,11/20,600,60000,86.80423188209534,4497.38430762291,132.6676863655448,61.47063689865172,0.0,0.0,2.19,-602.05
0/20,12/20,650,65000,79.59545874595642,4729.120120763779,133.21687026321888,68.01325615867972,0.0,0.0,5.09,-842.29
0/20,13/20,700,70000,79.66164016723633,4913.011644601822,139.30025070160627,88.0917941853404,0.0,0.0,4.18,-910.27
0/20,14/20,750,75000,84.33350968360901,5002.427937507629,139.7178590297699,109.31118958815932,0.0,0.0,9.1,-647.03
0/20,15/20,800,80000,85.65077114105225,5131.591725349426,138.19670482724905,139.88349263742566,0.01,0.01,12.65,-618.62
0/20,16/20,850,85000,85.1577308177948,5190.468181848526,136.35921496897936,187.27297989279032,0.06,0.06,15.67,-764.53
0/20,17/20,900,90000,86.54366183280945,5286.8729519844055,140.37507212162018,244.07459539920092,0.12,0.12,6.58,-683.78
0/20,18/20,950,95000,87.00154447555542,5410.76398897171,138.9479924738407,278.780767545104,0.07,0.07,9.85,-669.64
0/20,19/20,1000,100000,85.39959764480591,5459.693375110626,138.0271460711956,319.5885315015912,0.09,0.09,7.73,-736.16
1/20,0/20,1050,105000,86.40737438201904,5548.117426872253,133.9769553244114,348.0186115577817,0.03,0.03,7.81,-732.12
1/20,1/20,1100,110000,87.0336422920227,5578.192317485809,137.94374646246433,360.71498573571444,0.08,0.08,8.3,-769.1
1/20,2/20,1150,115000,88.27155065536499,5713.976447820663,137.30562642216682,398.6034594923258,0.24,0.24,10.62,-549.41
1/20,3/20,1200,120000,88.75352072715759,5739.521783590317,135.31648764014244,411.92898707836866,0.14,0.14,8.14,-472.26
1/20,4/20,1250,125000,84.0535216331482,5871.679655075073,136.98010849952698,445.55862607061863,0.14,0.14,5.62,-732.78
1/20,5/20,1300,130000,88.78855752944946,5915.496638774872,141.38864146173,456.42667530477047,0.16,0.16,13.22,-527.84
1/20,6/20,1350,135000,86.63526344299316,5989.10448551178,137.9101917669177,463.1463826149702,0.11,0.11,13.93,-657.0
1/20,7/20,1400,140000,83.70225834846497,6025.729755163193,139.55138145387173,517.9035133868456,0.02,0.02,7.02,-899.21
1/20,8/20,1450,145000,86.36566829681396,6104.475914478302,133.9036717042327,545.5415090322495,0.07,0.07,13.03,-796.74
1/20,9/20,1500,150000,86.69086956977844,6160.212342262268,136.61780881136656,563.5699572712183,0.15,0.15,13.91,-671.47
1/20,10/20,1550,155000,85.12939739227295,6159.010474681854,138.53950438648462,594.2795620113611,0.04,0.04,5.84,-692.76
1/20,11/20,1600,160000,83.64877152442932,6228.560255527496,140.3046883866191,607.3453039377928,0.1,0.1,8.47,-796.51
1/20,12/20,1650,165000,86.1278018951416,6294.219044685364,139.53006033599377,634.6646032482386,0.13,0.13,4.73,-703.91
1/20,13/20,1700,170000,87.04807662963867,6323.829367637634,143.00346295535564,657.3957112878561,0.13,0.13,11.37,-698.4
1/20,14/20,1750,175000,84.33342146873474,6303.023101806641,145.1061587780714,661.5768417418003,0.07,0.07,8.59,-802.88
1/20,15/20,1800,180000,84.42117381095886,6331.521856307983,146.08858185261488,705.7332262545824,0.14,0.14,6.75,-775.29
1/20,16/20,1850,185000,84.9196994304657,6349.949945926666,148.65042970329523,705.9751774072647,0.04,0.04,7.26,-763.41
1/20,17/20,1900,190000,84.69321823120117,6253.507480144501,148.4525552392006,705.9247289597988,0.08,0.08,5.55,-774.56
1/20,18/20,1950,195000,86.91597437858582,6310.937857627869,144.41558434814215,698.5594209432602,0.17,0.17,2.75,-543.15
1/20,19/20,2000,200000,82.77561450004578,6375.338842391968,143.16030234843493,747.8748075962067,0.03,0.03,2.99,-853.2
2/20,0/20,2050,205000,83.25823283195496,6328.415465354919,147.78395301103592,750.7147065997124,0.08,0.08,4.2,-840.79
2/20,1/20,2100,210000,84.90849137306213,6323.95196723938,150.70975381881,726.2413233220577,0.09,0.09,4.98,-769.33
2/20,2/20,2150,215000,83.95858526229858,6320.916650772095,153.11573282629251,741.2026398479939,0.21,0.21,3.89,-795.99
2/20,3/20,2200,220000,82.12293004989624,6284.933112621307,151.95597171783447,717.6741663515568,0.09,0.09,2.75,-883.67
2/20,4/20,2250,225000,83.51115703582764,6282.229085922241,148.51624447852373,733.2383123040199,0.11,0.11,2.36,-858.98
2/20,5/20,2300,230000,82.58930945396423,6288.273539066315,150.51144755631685,715.8358162641525,0.09,0.09,2.29,-862.92
2/20,6/20,2350,235000,81.82814192771912,6238.372270107269,151.6969767063856,735.2098827064037,0.03,0.03,2.37,-908.86
2/20,7/20,2400,240000,84.58349537849426,6140.517851829529,153.92064163088799,713.5145588219166,0.11,0.11,1.97,-794.3
2/20,8/20,2450,245000,83.92073941230774,6160.539888381958,152.98506147414446,755.4292678833008,0.11,0.11,2.78,-853.61
2/20,9/20,2500,250000,85.29926753044128,6188.850092887878,153.2318600639701,742.7006422877312,0.21,0.21,2.16,-731.9
2/20,10/20,2550,255000,87.08300614356995,6186.2494468688965,152.01623745262623,751.9470075666904,0.42,0.42,1.84,-554.49
2/20,11/20,2600,260000,82.25772500038147,6204.381331920624,153.05987252295017,759.989152431488,0.1,0.1,1.72,-912.78
2/20,12/20,2650,265000,85.26309633255005,6162.0040283203125,153.5822030454874,776.3805095255375,0.22,0.22,1.2,-694.3
2/20,13/20,2700,270000,84.98735094070435,6134.535768032074,151.35857701301575,764.8960080742836,0.27,0.27,1.27,-719.34
2/20,14/20,2750,275000,84.71649956703186,6171.774495601654,153.39957617223263,788.1089708507061,0.29,0.29,1.51,-719.31
2/20,15/20,2800,280000,87.10566306114197,6155.230192661285,154.72366266697645,796.6365389227867,0.31,0.31,0.58,-505.16
2/20,16/20,2850,285000,85.86263275146484,6172.546118736267,157.05165153741837,774.5791665315628,0.18,0.18,1.4,-602.96
2/20,17/20,2900,290000,87.8561155796051,6156.747406005859,156.80306926369667,815.0398482978344,0.24,0.24,1.06,-564.48
2/20,18/20,2950,295000,88.67728972434998,6207.196047782898,153.83917647600174,799.7818915843964,0.51,0.51,0.99,-484.78
2/20,19/20,3000,300000,85.46238541603088,6210.679173946381,152.99919238686562,801.6848951280117,0.11,0.11,0.81,-662.11
3/20,0/20,3050,305000,86.2889313697815,6109.387119293213,158.05818013846874,785.063117235899,0.39,0.39,1.23,-632.78
3/20,1/20,3100,310000,88.59297728538513,6177.875941753387,156.89782787114382,806.3803640305996,0.59,0.59,1.63,-379.86
3/20,2/20,3150,315000,88.44479632377625,6208.38778591156,157.4879154264927,816.3806082606316,0.16,0.16,0.84,-473.31
3/20,3/20,3200,320000,87.275399684906,6195.958339214325,161.22963885962963,788.6841751933098,0.15,0.15,1.73,-550.14
3/20,4/20,3250,325000,89.34892511367798,6174.16268157959,161.8401450663805,775.6404950022697,0.44,0.44,1.13,-485.96
3/20,5/20,3300,330000,90.7226345539093,6123.979907512665,159.32561287283897,799.8382071852684,0.14,0.14,0.82,-405.84
3/20,6/20,3350,335000,87.63807129859924,6161.244236469269,158.08451163768768,784.1231390237808,0.26,0.26,0.95,-600.38
3/20,7/20,3400,340000,88.54962110519409,6143.867294311523,157.32314278930426,787.2402431368828,0.02,0.02,1.14,-469.65
3/20,8/20,3450,345000,87.35914015769958,6206.490414619446,159.79456873238087,788.7842116355896,0.32,0.32,1.45,-597.3
3/20,9/20,3500,350000,89.89644837379456,6167.039180278778,156.37301096320152,785.6736689805984,0.15,0.15,1.16,-338.11
3/20,10/20,3550,355000,89.79544568061829,6242.135239601135,155.4777469933033,782.3276939094067,0.6,0.6,1.88,-348.07
3/20,11/20,3600,360000,88.95338702201843,6211.134006023407,157.7226107120514,786.4906468391418,0.67,0.67,1.45,-365.48
3/20,12/20,3650,365000,90.71725606918335,6234.251893043518,156.9758596420288,783.534915804863,0.65,0.65,0.92,-271.95
3/20,13/20,3700,370000,89.43521523475647,6316.384066581726,156.21599450707436,782.9858070909977,0.16,0.16,0.92,-379.9
3/20,14/20,3750,375000,89.44869184494019,6319.7883496284485,157.63222172111273,755.3112916052341,0.4,0.4,1.26,-414.28
3/20,15/20,3800,380000,90.28386974334717,6401.4406361579895,155.71553771942854,798.7725909650326,0.19,0.19,0.66,-299.56
3/20,16/20,3850,385000,89.88819646835327,6506.334149360657,155.36436084657907,791.0043106377125,0.06,0.06,1.53,-424.69
3/20,17/20,3900,390000,88.44631791114807,6580.257692813873,156.11423747241497,770.4108437895775,0.43,0.43,0.78,-520.78
3/20,18/20,3950,395000,89.70611953735352,6661.50407409668,157.4031542390585,777.5413774847984,0.34,0.34,1.39,-531.62
3/20,19/20,4000,400000,88.45624279975891,6744.348411083221,157.2886534333229,751.8785728812218,0.36,0.36,1.84,-719.93
4/20,0/20,4050,405000,88.56124806404114,6897.41163110733,158.87033215165138,770.5960304439068,0.49,0.49,0.87,-591.69
4/20,1/20,4100,410000,87.75426030158997,6923.659461975098,162.65104046463966,800.7036769092083,0.37,0.37,1.42,-569.74
4/20,2/20,4150,415000,86.36145496368408,6978.012996196747,159.76322774589062,768.1090229451656,0.31,0.31,2.28,-796.76
4/20,3/20,4200,420000,84.4489016532898,6977.856226444244,161.8740050792694,781.7926916480064,0.46,0.46,2.22,-878.56
4/20,4/20,4250,425000,86.30421352386475,6987.788809299469,163.30559568107128,775.2785703241825,0.25,0.25,1.29,-825.64
4/20,5/20,4300,430000,84.97491502761841,6991.670213222504,162.68677562475204,717.16661927104,0.44,0.44,3.61,-834.8
4/20,6/20,4350,435000,83.85191559791565,7018.142324924469,162.56873907148838,735.086921453476,0.41,0.41,3.24,-824.28
4/20,7/20,4400,440000,84.0709457397461,7053.528391838074,164.640227496624,722.9921343326569,0.41,0.41,6.76,-897.9
4/20,8/20,4450,445000,85.59032249450684,7150.12454366684,164.61867846548557,734.2389526665211,0.13,0.13,2.44,-806.68
4/20,9/20,4500,450000,84.72655773162842,7191.704820632935,163.14098812639713,685.7628983855247,0.47,0.47,6.38,-847.8
4/20,10/20,4550,455000,83.71063351631165,7212.5389041900635,161.50393868982792,709.7546580433846,0.38,0.38,4.01,-883.08
4/20,11/20,4600,460000,84.45734572410583,7207.938405036926,161.9268652498722,697.6881586313248,0.43,0.43,4.78,-867.88
4/20,12/20,4650,465000,84.45960593223572,7208.3031458854675,163.44838266074657,665.7456205487251,0.17,0.17,2.56,-852.34
4/20,13/20,4700,470000,84.11305356025696,7244.011403560638,160.80712193250656,681.4099980890751,0.78,0.78,3.02,-894.17
4/20,14/20,4750,475000,83.19278216362,7226.280375957489,160.5290143713355,663.5293917804956,0.54,0.54,3.7,-899.38
4/20,15/20,4800,480000,85.57248830795288,7209.475570201874,165.11963737010956,684.8345453292131,0.56,0.56,3.89,-847.15
4/20,16/20,4850,485000,84.63324356079102,7146.234838962555,162.69282710552216,640.0371525734663,0.58,0.58,4.38,-879.76
4/20,17/20,4900,490000,84.88467359542847,7143.576410770416,160.50494500249624,612.8791033625603,0.24,0.24,2.27,-868.92
4/20,18/20,4950,495000,83.42059636116028,7031.855844974518,163.08577090501785,607.9911409020424,0.36,0.36,3.14,-907.08
4/20,19/20,5000,500000,82.7347321510315,7050.208105564117,162.03835946321487,601.9973901808262,0.63,0.63,2.5,-901.04
5/20,0/20,5050,505000,84.19771718978882,7048.303892612457,160.54810865968466,630.3408085554838,0.37,0.37,3.07,-907.95
5/20,1/20,5100,510000,84.04407048225403,7046.607286453247,160.62646060436964,666.5153913199902,0.53,0.53,4.32,-897.38
5/20,2/20,5150,515000,83.0313413143158,7018.76340007782,160.8336629420519,601.5752463191748,0.6,0.6,3.01,-924.49
5/20,3/20,5200,520000,83.71636986732483,7005.487898349762,160.06992761790752,647.5937840640545,0.82,0.82,5.69,-921.27
5/20,4/20,5250,525000,82.55116701126099,7013.6814069747925,162.38799205422401,578.8971412479877,0.74,0.74,3.71,-906.62
5/20,5/20,5300,530000,82.98748898506165,6940.324589729309,160.66333194077015,651.421297416091,0.82,0.82,5.31,-901.05
5/20,6/20,5350,535000,84.04657006263733,6953.908210277557,162.38464005291462,632.0252944976091,0.74,0.74,3.23,-894.54
5/20,7/20,5400,540000,86.08328294754028,6872.217533111572,161.8657591342926,631.6587081253529,0.49,0.49,1.95,-799.56
5/20,8/20,5450,545000,83.28077626228333,6811.9680762290955,164.039148747921,621.9909166991711,0.73,0.73,0.92,-900.73
5/20,9/20,5500,550000,82.07837104797363,6738.644021034241,163.26001396775246,635.9998971968889,0.66,0.66,1.94,-909.44
5/20,10/20,5550,555000,83.33203268051147,6776.40167093277,162.01064723730087,621.4685491621494,0.66,0.66,0.79,-899.98
5/20,11/20,5600,560000,82.86149621009827,6777.903054714203,159.52576956152916,641.6099844574928,0.67,0.67,1.85,-838.52
5/20,12/20,5650,565000,84.09670543670654,6739.964930057526,162.50810593366623,673.7392760068178,0.22,0.22,0.64,-842.63
5/20,13/20,5700,570000,83.1830370426178,6679.318393707275,163.68411000072956,642.6783326566219,0.6,0.6,2.95,-897.24
5/20,14/20,5750,575000,82.95056509971619,6632.667303085327,162.78442983329296,742.5539914369583,0.53,0.53,0.75,-905.82
5/20,15/20,5800,580000,83.11554312705994,6567.366963386536,160.5460003912449,629.4969878196716,0.77,0.77,2.61,-898.86
5/20,16/20,5850,585000,82.90386390686035,6531.0347781181335,161.5412678718567,620.5316016972065,0.57,0.57,3.48,-909.45
5/20,17/20,5900,590000,81.3897762298584,6420.241248130798,161.20886155217886,612.384054929018,0.61,0.61,0.93,-910.11
5/20,18/20,5950,595000,82.26603722572327,6400.738708496094,164.37277254462242,651.6749136298895,0.69,0.69,2.3,-907.71
5/20,19/20,6000,600000,82.55131459236145,6355.197245597839,163.0043165832758,635.3813424855471,0.63,0.63,0.48,-902.76
6/20,0/20,6050,605000,82.06424117088318,6345.608410835266,160.7659273892641,652.2843555212021,0.76,0.76,0.46,-906.79
6/20,1/20,6100,610000,82.3929831981659,6326.724844932556,159.3578759431839,648.7929807901382,0.8,0.8,0.51,-885.54
6/20,2/20,6150,615000,82.00284767150879,6276.40801858902,160.70660189539194,658.5115615874529,0.53,0.53,0.79,-897.67
6/20,3/20,6200,620000,83.47960782051086,6280.981080532074,160.44333535432816,671.1651357859373,0.62,0.62,0.91,-903.39
6/20,4/20,6250,625000,82.10727834701538,6251.80526304245,161.76688562333584,644.8279334753752,0.83,0.83,0.93,-911.35
6/20,5/20,6300,630000,82.88315987586975,6253.215863227844,161.20617862045765,646.3193490952253,0.69,0.69,1.02,-916.49
6/20,6/20,6350,635000,85.22853755950928,6210.851694583893,161.0574898943305,679.6837887763977,0.73,0.73,2.77,-877.7
6/20,7/20,6400,640000,82.23926949501038,6147.578440189362,163.03576961159706,634.0284622460604,0.82,0.82,0.49,-912.06
6/20,8/20,6450,645000,82.96050024032593,6182.906547546387,160.01927384734154,666.6060544401407,0.36,0.36,1.1,-908.22
6/20,9/20,6500,650000,82.28839373588562,6139.561723709106,161.96948727965355,662.5574276000261,0.96,0.96,0.38,-929.98
6/20,10/20,6550,655000,84.4992790222168,6125.431646823883,161.85263024270535,671.2590185254812,0.63,0.63,1.04,-895.08
6/20,11/20,6600,660000,82.93454957008362,6103.053409099579,164.290068551898,669.6157050728798,0.9,0.9,1.18,-912.43
6/20,12/20,6650,665000,82.06442308425903,6085.607581138611,161.77894441783428,620.0268052369356,0.78,0.78,0.41,-921.34
6/20,13/20,6700,670000,82.64701724052429,6059.470538139343,162.96908612549305,644.4813025295734,0.64,0.64,0.61,-914.84
6/20,14/20,6750,675000,82.74238562583923,6054.00563621521,164.3017041683197,653.2376747578382,0.88,0.88,0.35,-909.28
6/20,15/20,6800,680000,83.43900918960571,6041.234997749329,159.67871464788914,641.0025347620249,0.94,0.94,0.35,-911.86
6/20,16/20,6850,685000,84.37201881408691,5985.662368297577,161.16948126256466,687.2239193022251,0.9,0.9,0.58,-910.26
6/20,17/20,6900,690000,83.49316740036011,5971.899025917053,161.08116629719734,607.8020208626986,0.59,0.59,0.44,-895.35
6/20,18/20,6950,695000,82.70461916923523,5938.527198791504,161.62434269487858,615.5136392563581,0.95,0.95,0.72,-887.86
6/20,19/20,7000,700000,83.79196190834045,5975.624449729919,161.8498286306858,632.6350365281105,0.82,0.82,1.26,-884.31
7/20,0/20,7050,705000,83.6178092956543,5976.67459154129,161.33131524920464,696.2229983359575,0.72,0.72,0.49,-881.68
7/20,1/20,7100,710000,82.47366642951965,5938.726364135742,161.48987989127636,620.5523208230734,0.7,0.7,0.4,-923.26
7/20,2/20,7150,715000,83.8135347366333,5875.74816608429,163.0650188922882,641.9011277705431,0.52,0.52,0.76,-915.03
7/20,3/20,7200,720000,82.91409945487976,5877.358156681061,162.21483670175076,666.1676678359509,0.66,0.66,1.46,-913.77
7/20,4/20,7250,725000,83.4665195941925,5813.703096866608,162.00427013635635,631.8587794154882,0.96,0.96,0.47,-857.3
7/20,5/20,7300,730000,82.92484784126282,5850.9450006484985,161.061097741127,660.9724365621805,0.92,0.92,0.47,-897.2
7/20,6/20,7350,735000,83.46376538276672,5840.2687792778015,165.34481754899025,627.5962375700474,0.95,0.95,0.38,-909.04
7/20,7/20,7400,740000,82.6817569732666,5830.737473964691,161.06684492528439,651.8446310311556,0.82,0.82,3.14,-905.32
7/20,8/20,7450,745000,83.20885896682739,5781.17685842514,161.93794198334217,632.1539763510227,0.95,0.95,0.18,-905.74
7/20,9/20,7500,750000,83.68716287612915,5818.380181789398,161.1435966938734,687.2116094827652,0.71,0.71,0.31,-910.09
7/20,10/20,7550,755000,84.480783700943,5782.708853721619,163.74332416057587,648.699432015419,0.85,0.85,0.65,-907.66
7/20,11/20,7600,760000,83.07352232933044,5793.02078294754,160.29989276826382,670.9482291042805,0.89,0.89,0.17,-910.0
7/20,12/20,7650,765000,83.39608097076416,5741.4038853645325,161.4357908666134,634.0994844734669,0.94,0.94,0.55,-922.9
7/20,13/20,7700,770000,83.5601601600647,5728.272446155548,162.72420853376389,621.7927973121405,0.76,0.76,0.86,-919.11
7/20,14/20,7750,775000,83.46123218536377,5699.795466423035,162.39601559937,686.2430527359247,0.63,0.63,0.67,-915.1
7/20,15/20,7800,780000,83.02366018295288,5664.021026611328,162.53790226578712,637.8352873325348,0.67,0.67,0.15,-913.45
7/20,16/20,7850,785000,83.11936712265015,5577.030791759491,167.81405614316463,651.0901988148689,0.9,0.9,0.15,-917.77
7/20,17/20,7900,790000,82.62132120132446,5540.150129318237,165.60792449861765,650.9077928960323,0.97,0.97,0.25,-919.42
7/20,18/20,7950,795000,83.52741742134094,5533.2575697898865,162.0600824356079,668.4612258523703,0.79,0.79,0.19,-906.48
7/20,19/20,8000,800000,84.92434406280518,5520.46043920517,161.29960404336452,660.5584445148706,0.64,0.64,0.12,-903.35
8/20,0/20,8050,805000,82.50248885154724,5504.488238334656,164.56193862855434,648.1323892474174,0.74,0.74,0.33,-918.4
8/20,1/20,8100,810000,83.81280088424683,5510.764389514923,164.9573486596346,642.0822476446629,0.86,0.86,0.09,-918.39
8/20,2/20,8150,815000,83.37025952339172,5462.152327775955,165.31976442039013,658.4247872829437,0.48,0.48,0.32,-922.12
8/20,3/20,8200,820000,82.78122472763062,5473.139216423035,166.90895169973373,686.3876224160194,0.91,0.91,0.19,-916.09
8/20,4/20,8250,825000,82.84653377532959,5428.837267875671,164.6657813191414,636.2697142511606,0.91,0.91,0.15,-913.65
8/20,5/20,8300,830000,85.15296483039856,5385.878790140152,164.7596038877964,634.912599593401,0.93,0.93,0.3,-732.73
8/20,6/20,8350,835000,87.08896994590759,5362.885814666748,163.46068613231182,665.056454911828,0.75,0.75,0.11,-738.26
8/20,7/20,8400,840000,83.720130443573,5390.2072377204895,165.67693427205086,687.4065112173557,0.71,0.71,0.22,-902.87
8/20,8/20,8450,845000,84.69917964935303,5356.858535289764,164.6275812536478,673.888088658452,0.81,0.81,0.2,-781.23
8/20,9/20,8500,850000,83.9186999797821,5293.081498146057,165.77862122654915,657.1259859800339,0.86,0.86,0.18,-914.04
8/20,10/20,8550,855000,83.70368266105652,5292.425507545471,163.69041036069393,607.1227016746998,0.96,0.96,0.07,-906.86
8/20,11/20,8600,860000,85.01893019676208,5261.526394367218,163.51775930821896,656.7331351488829,0.4,0.4,0.08,-859.62
8/20,12/20,8650,865000,83.55355048179626,5266.495476961136,164.999632447958,671.8107468634844,0.8,0.8,0.26,-906.16
8/20,13/20,8700,870000,84.12089991569519,5208.450674057007,165.09204199910164,686.2185393869877,0.73,0.73,0.12,-903.14
8/20,14/20,8750,875000,85.71763801574707,5221.589906692505,165.1579293757677,652.5748921483755,0.89,0.89,0.2,-911.25
8/20,15/20,8800,880000,83.06790256500244,5166.379323005676,168.79243604838848,628.0397560745478,0.94,0.94,0.18,-912.25
8/20,16/20,8850,885000,83.97813844680786,5179.411993980408,163.28901126980782,633.2787896841764,0.92,0.92,0.05,-904.1
8/20,17/20,8900,890000,85.73032832145691,5221.866544723511,162.80137187242508,662.2966647744179,0.75,0.75,0.11,-879.54
8/20,18/20,8950,895000,85.27880859375,5211.020998954773,163.46896336972713,625.3903048783541,0.76,0.76,0.25,-888.11
8/20,19/20,9000,900000,85.24993228912354,5156.725867271423,165.01333840191364,658.9896116256714,0.87,0.87,0.22,-905.52
9/20,0/20,9050,905000,86.07899475097656,5148.6991012096405,164.45678283274174,619.8754074126482,0.78,0.78,0.1,-776.16
9/20,1/20,9100,910000,84.41856455802917,5130.479093551636,162.9345389008522,632.333981975913,0.93,0.93,0.02,-904.25
9/20,2/20,9150,915000,83.70056343078613,5116.351597547531,163.54670387506485,689.1384239345789,0.9,0.9,0.05,-912.3
9/20,3/20,9200,920000,83.71102976799011,5089.757680177689,162.64241165667772,651.948014087975,0.84,0.84,0.13,-909.42
9/20,4/20,9250,925000,83.65349125862122,5122.250040054321,165.80225197970867,626.678634211421,0.99,0.99,0.05,-914.55
9/20,5/20,9300,930000,83.42782855033875,5081.574085950851,163.10251009464264,615.1883266717196,0.95,0.95,0.05,-910.0
9/20,6/20,9350,935000,83.02016258239746,5081.940024137497,163.03889426589012,605.1614870131016,0.93,0.93,0.15,-915.24
9/20,7/20,9400,940000,85.17911314964294,5024.530204534531,162.4227937310934,622.5797259360552,0.91,0.91,0.05,-906.35
9/20,8/20,9450,945000,87.47831439971924,5027.396862268448,164.86661511659622,681.0285622477531,0.75,0.75,0.15,-596.39
9/20,9/20,9500,950000,84.19370436668396,5026.370965957642,162.69797639548779,666.9270935803652,0.96,0.96,0.05,-910.34
9/20,10/20,9550,955000,83.42267203330994,5015.72701883316,161.91036947071552,627.6184433102608,0.96,0.96,0.09,-914.84
9/20,11/20,9600,960000,83.46061682701111,4984.294707775116,165.7345678061247,631.298101246357,0.85,0.85,0.08,-920.15
9/20,12/20,9650,965000,84.17798066139221,4993.767521381378,165.61091427505016,628.6552739739418,0.8,0.8,0.03,-899.24
9/20,13/20,9700,970000,83.89132881164551,4957.42271900177,165.19848343729973,741.5123850107193,0.95,0.95,0.08,-912.2
9/20,14/20,9750,975000,84.72385835647583,4947.7793753147125,163.97510765492916,675.928871691227,0.81,0.81,0.12,-904.03
9/20,15/20,9800,980000,84.45012664794922,4945.7790994644165,163.57385805249214,640.7100948542356,0.9,0.9,0.07,-917.07
9/20,16/20,9850,985000,83.72589635848999,4931.915303945541,165.24398696422577,624.8830797225237,0.96,0.96,0.05,-910.94
9/20,17/20,9900,990000,83.2444019317627,4919.0450229644775,164.819299608469,680.2844454050064,0.99,0.99,0.05,-916.76
9/20,18/20,9950,995000,85.51188278198242,4887.597218990326,162.39577044546604,618.9508224129677,0.88,0.88,0.17,-907.69
9/20,19/20,10000,1000000,83.48387050628662,4892.407284498215,163.701700553298,691.3499808460474,0.84,0.84,0.34,-915.41
10/20,0/20,10050,1005000,86.27958488464355,4910.2626876831055,162.1460876762867,704.1966155320406,0.82,0.82,0.11,-784.84
10/20,1/20,10100,1010000,84.58022904396057,4922.298634290695,163.36621828377247,636.2183503508568,0.96,0.96,0.03,-907.4
10/20,2/20,10150,1015000,84.11545014381409,4866.555068254471,165.14511190354824,678.8809375017881,0.82,0.82,0.03,-895.5
10/20,3/20,10200,1020000,85.54244375228882,4871.672237873077,165.251708060503,629.7350751161575,0.94,0.94,0.16,-901.42
10/20,4/20,10250,1025000,84.88382196426392,4856.24453830719,165.33889877796173,683.2710975259542,0.89,0.89,0.05,-895.25
10/20,5/20,10300,1030000,85.56740021705627,4851.4926080703735,163.86628767848015,638.4970078617334,0.82,0.82,0.02,-906.85
10/20,6/20,10350,1035000,83.89606547355652,4813.747388124466,165.98299162089825,616.6319808512926,0.92,0.92,0.09,-910.36
10/20,7/20,10400,1040000,83.4404501914978,4783.224844455719,164.82788415253162,633.8277503997087,0.96,0.96,0.11,-905.95
10/20,8/20,10450,1045000,83.8966212272644,4771.29697394371,163.3152131587267,648.792887955904,0.95,0.95,0.03,-912.81
10/20,9/20,10500,1050000,85.09053993225098,4752.541727542877,163.39443990588188,637.636464715004,0.79,0.79,0.08,-906.33
10/20,10/20,10550,1055000,83.77269649505615,4780.813115596771,163.59944348037243,607.1778476536274,0.95,0.95,0.07,-903.18
10/20,11/20,10600,1060000,84.34857106208801,4768.158724069595,163.47521930933,668.9599076658487,0.93,0.93,0.06,-898.93
10/20,12/20,10650,1065000,83.88855791091919,4787.910142421722,164.61557912826538,633.9712843894958,0.87,0.87,0.01,-902.96
10/20,13/20,10700,1070000,84.88864755630493,4782.768472671509,163.7721330523491,599.6787926852703,0.91,0.91,0.05,-805.61
10/20,14/20,10750,1075000,84.54076409339905,4754.847813367844,164.933597818017,630.1425272077322,0.97,0.97,0.36,-902.9
10/20,15/20,10800,1080000,82.47445607185364,4754.105834245682,167.4192073047161,638.1233815997839,0.98,0.98,0.0,-911.79
10/20,16/20,10850,1085000,83.45114493370056,4699.876260042191,168.78209064900875,609.1943870782852,0.98,0.98,0.09,-911.11
10/20,17/20,10900,1090000,83.84219908714294,4732.027254581451,168.5260771214962,599.0459645539522,0.94,0.94,0.13,-905.23
10/20,18/20,10950,1095000,83.41326069831848,4724.391672134399,167.3995953053236,645.603666216135,0.97,0.97,0.04,-911.31
10/20,19/20,11000,1100000,83.90181016921997,4729.734231233597,169.3254096210003,574.7003965377808,0.97,0.97,0.14,-906.36
11/20,0/20,11050,1105000,84.43791675567627,4752.90545296669,166.62060818076134,607.2816723287106,0.88,0.88,0.14,-906.46
11/20,1/20,11100,1110000,83.46860313415527,4764.505422115326,166.24622578918934,579.6939101815224,0.96,0.96,0.12,-915.67
11/20,2/20,11150,1115000,82.61755275726318,4746.12877869606,169.1846655458212,683.5903186202049,0.94,0.94,0.16,-916.78
11/20,3/20,11200,1120000,83.79021334648132,4720.799814939499,168.24636432528496,662.354657933116,0.92,0.92,0.02,-909.36
11/20,4/20,11250,1125000,84.71409916877747,4691.0454778671265,168.6692664474249,694.5283087193966,0.73,0.73,0.04,-859.52
11/20,5/20,11300,1130000,84.66099643707275,4672.417822122574,166.42521829903126,619.6519610434771,0.86,0.86,0.19,-902.23
11/20,6/20,11350,1135000,83.43548560142517,4686.219095945358,166.35885041952133,635.883717417717,0.99,0.99,0.05,-916.85
11/20,7/20,11400,1140000,83.42255687713623,4669.572403430939,169.88019847869873,626.6202430725098,0.85,0.85,0.11,-914.82
11/20,8/20,11450,1145000,83.56541109085083,4700.298243761063,170.97222550213337,650.3515404313803,0.97,0.97,0.04,-906.56
11/20,9/20,11500,1150000,82.9703311920166,4636.252897024155,169.97658959031105,636.0474831610918,0.93,0.93,0.2,-910.82
11/20,10/20,11550,1155000,83.77214169502258,4635.7849271297455,168.54970003664494,577.2454952150583,0.96,0.96,0.01,-902.24
11/20,11/20,11600,1160000,84.3207597732544,4563.362562894821,166.9072519093752,625.2112430632114,0.91,0.91,0.07,-911.6
11/20,12/20,11650,1165000,85.12330102920532,4538.6677668094635,167.00135707855225,603.5694486498833,0.92,0.92,0.02,-903.05
11/20,13/20,11700,1170000,84.55617809295654,4537.726179361343,165.4444404244423,595.1052276343107,0.9,0.9,0.15,-873.9
11/20,14/20,11750,1175000,83.77719926834106,4556.649927139282,165.21764293313026,637.7320676222444,0.94,0.94,0.24,-894.02
11/20,15/20,11800,1180000,85.19497394561768,4506.533835172653,168.1864179223776,628.9137938022614,0.74,0.74,0.14,-882.95
11/20,16/20,11850,1185000,87.8964912891388,4530.651427984238,165.08860771358013,635.8382511734962,0.66,0.66,0.02,-847.87
11/20,17/20,11900,1190000,84.34784412384033,4523.864847421646,165.8832662254572,675.3879196196795,0.88,0.88,0.0,-902.0
11/20,18/20,11950,1195000,83.70113253593445,4492.166587352753,165.61057829856873,651.0182259976864,0.97,0.97,0.03,-916.87
11/20,19/20,12000,1200000,84.98393440246582,4451.492177248001,169.21977369487286,671.2842154949903,0.88,0.88,0.13,-899.72
12/20,0/20,12050,1205000,84.27542042732239,4440.251439571381,165.92219118773937,620.213236913085,0.93,0.93,0.08,-904.93
12/20,1/20,12100,1210000,84.51232933998108,4413.828955411911,169.3362066745758,576.6254515945911,0.85,0.85,0.09,-913.13
12/20,2/20,12150,1215000,84.58056640625,4431.133531093597,166.719030469656,617.9487066268921,0.92,0.92,0.02,-901.3
12/20,3/20,12200,1220000,84.44788885116577,4415.927162408829,165.6318630427122,631.1226491183043,0.91,0.91,0.04,-907.7
12/20,4/20,12250,1225000,84.24353647232056,4437.640595912933,167.55727584660053,658.4439894556999,0.84,0.84,0.08,-909.57
12/20,5/20,12300,1230000,83.68858599662781,4436.591975688934,167.9556911289692,637.950366795063,0.97,0.97,0.2,-924.28
12/20,6/20,12350,1235000,84.45297074317932,4421.751524686813,166.43357016146183,649.1766080856323,0.9,0.9,0.08,-908.08
12/20,7/20,12400,1240000,85.1173985004425,4404.609804153442,167.45518600940704,622.8978067040443,0.84,0.84,0.05,-868.26
12/20,8/20,12450,1245000,83.67086982727051,4383.133193492889,168.68080541491508,599.9045114219189,0.98,0.98,0.1,-918.16
12/20,9/20,12500,1250000,82.791006565094,4366.677490472794,165.45295210182667,593.4781541675329,0.97,0.97,0.07,-915.58
12/20,10/20,12550,1255000,83.55950355529785,4332.352346658707,165.86608697474003,604.9313614964485,0.97,0.97,0.1,-918.04
12/20,11/20,12600,1260000,84.19387245178223,4303.733490228653,168.30066142976284,566.7588817626238,1.0,1.0,0.06,-911.59
12/20,12/20,12650,1265000,83.43407988548279,4268.121368169785,167.91465955972672,606.3346073180437,0.97,0.97,0.1,-911.83
12/20,13/20,12700,1270000,82.95770382881165,4293.203644514084,167.44620019197464,607.9108484089375,0.95,0.95,0.08,-909.18
12/20,14/20,12750,1275000,84.12291812896729,4272.927765607834,170.8206161558628,635.6725564301014,0.97,0.97,0.13,-908.68
12/20,15/20,12800,1280000,83.94113373756409,4282.896254777908,166.9593683630228,666.5187028348446,0.89,0.89,0.09,-913.03
12/20,16/20,12850,1285000,84.1715395450592,4281.489561319351,172.12278412282467,611.695871964097,0.93,0.93,0.03,-904.66
12/20,17/20,12900,1290000,82.99718809127808,4271.96080493927,165.20080818235874,603.2090981900692,0.95,0.95,0.05,-905.19
12/20,18/20,12950,1295000,83.97837591171265,4261.530607700348,165.7312275469303,672.7221808284521,0.98,0.98,0.08,-906.0
12/20,19/20,13000,1300000,85.63147926330566,4282.46456694603,165.59677301347256,604.595246180892,0.87,0.87,0.08,-860.91
13/20,0/20,13050,1305000,86.23416566848755,4295.790229797363,167.8372990936041,660.8906519711018,0.86,0.86,0.06,-739.43
13/20,1/20,13100,1310000,83.45228481292725,4288.087772607803,165.61809287965298,627.681982666254,0.96,0.96,0.06,-882.54
13/20,2/20,13150,1315000,85.06851291656494,4288.5880262851715,166.30695128440857,618.2445358335972,0.94,0.94,0.07,-796.97
13/20,3/20,13200,1320000,85.00832939147949,4287.777262210846,165.9723760187626,729.2311020493507,0.94,0.94,0.05,-894.72
13/20,4/20,13250,1325000,84.75052428245544,4278.918473005295,164.86029894649982,700.0500718802214,0.95,0.95,0.04,-872.58
13/20,5/20,13300,1330000,84.27939581871033,4264.494165658951,166.7563569843769,691.3047230243683,0.99,0.99,0.41,-894.39
13/20,6/20,13350,1335000,86.15528440475464,4228.508719444275,167.00687117874622,601.8249842226505,0.91,0.91,0.04,-831.59
13/20,7/20,13400,1340000,83.52358055114746,4238.38556599617,165.04330597817898,585.6460737884045,0.94,0.94,0.1,-897.42
13/20,8/20,13450,1345000,85.22528910636902,4203.589161157608,167.79589147865772,636.5046000927687,0.84,0.84,0.03,-897.68
13/20,9/20,13500,1350000,84.30000376701355,4197.873430013657,167.49914529919624,611.1159011721611,0.92,0.92,0.17,-880.18
13/20,10/20,13550,1355000,84.29915070533752,4190.306807756424,168.67085479199886,646.3358766585588,0.99,0.99,0.05,-897.05
13/20,11/20,13600,1360000,83.90462970733643,4171.302165269852,169.91713453829288,588.345942825079,0.95,0.95,0.07,-912.31
13/20,12/20,13650,1365000,83.73554611206055,4161.506694078445,168.01400037109852,580.4908030182123,0.97,0.97,0.03,-904.18
13/20,13/20,13700,1370000,85.0189299583435,4165.33512711525,169.00084617733955,613.4716088920832,0.82,0.82,0.06,-893.25
13/20,14/20,13750,1375000,83.20213627815247,4174.070787668228,168.75571313500404,609.5739046484232,0.96,0.96,0.21,-913.15
13/20,15/20,13800,1380000,83.70850467681885,4158.697277069092,169.1148910075426,580.3681186884642,0.93,0.93,0.21,-924.39
13/20,16/20,13850,1385000,83.596843957901,4146.166847705841,167.16609346866608,555.3313029110432,0.96,0.96,0.24,-913.4
13/20,17/20,13900,1390000,84.95906186103821,4146.479146242142,168.30757100880146,591.2278929948807,0.91,0.91,0.13,-906.61
13/20,18/20,13950,1395000,84.75094485282898,4107.916033983231,165.6957167983055,576.7722843140364,0.92,0.92,0.31,-908.63
13/20,19/20,14000,1400000,84.52668642997742,4106.315130472183,163.0203813612461,634.9127902239561,0.92,0.92,0.04,-863.17
14/20,0/20,14050,1405000,85.65918707847595,4135.651780128479,165.2072700113058,604.2381968349218,0.87,0.87,0.01,-867.47
14/20,1/20,14100,1410000,84.03552460670471,4123.762903213501,165.01888073980808,651.3793689310551,0.94,0.94,1.1,-910.48
14/20,2/20,14150,1415000,84.59344696998596,4118.808598995209,166.97776578366756,604.3588030934334,0.98,0.98,0.05,-904.79
14/20,3/20,14200,1420000,84.09496855735779,4109.48352432251,166.69594557583332,570.8097679018974,0.93,0.93,0.18,-914.89
14/20,4/20,14250,1425000,85.4123899936676,4092.266315460205,165.8676846921444,542.4499541372061,0.95,0.95,0.07,-909.85
14/20,5/20,14300,1430000,85.36136102676392,4103.062777757645,165.56277135014534,600.039769873023,0.88,0.88,0.13,-887.51
14/20,6/20,14350,1435000,84.05472922325134,4090.356518507004,167.49431604146957,575.0205692201853,0.76,0.76,0.27,-918.02
14/20,7/20,14400,1440000,83.82711982727051,4093.9121198654175,164.21155035495758,676.5752041041851,0.87,0.87,0.14,-906.97
14/20,8/20,14450,1445000,85.42325496673584,4066.3258697986603,166.37988631427288,590.1410592496395,0.87,0.87,0.1,-916.9
14/20,9/20,14500,1450000,84.0308403968811,4005.798075199127,165.49405993521214,605.5812382251024,0.95,0.95,0.08,-918.82
14/20,10/20,14550,1455000,83.53562211990356,4058.112302303314,165.01868557929993,545.7745059132576,0.97,0.97,0.22,-919.51
14/20,11/20,14600,1460000,83.38821482658386,4034.0494832992554,167.48234067857265,609.4067960977554,1.0,1.0,0.2,-914.71
14/20,12/20,14650,1465000,84.60704970359802,4016.86447930336,167.72690086066723,593.1584073007107,0.92,0.92,0.12,-903.67
14/20,13/20,14700,1470000,84.6809811592102,4029.881087064743,166.92133839428425,610.3875288963318,0.91,0.91,0.08,-908.01
14/20,14/20,14750,1475000,84.209068775177,3996.021549463272,168.03603191673756,585.0799144953489,0.96,0.96,0.15,-909.17
14/20,15/20,14800,1480000,85.18030571937561,3975.81072640419,168.17633675038815,611.1443930566311,0.96,0.96,0.37,-823.56
14/20,16/20,14850,1485000,85.08599662780762,3968.0837507247925,166.57300570607185,589.8685891330242,1.0,1.0,0.11,-828.97
14/20,17/20,14900,1490000,84.27426648139954,3986.798501253128,168.2496455013752,567.8205114305019,0.97,0.97,0.12,-908.25
14/20,18/20,14950,1495000,84.09538984298706,4000.9137184619904,167.60461802780628,594.9814915806055,0.97,0.97,0.07,-912.38
14/20,19/20,15000,1500000,85.28056168556213,4023.041719198227,167.6800540983677,595.9456559419632,0.87,0.87,0.21,-907.66
15/20,0/20,15050,1505000,85.10111141204834,3988.198980808258,168.4305130392313,584.8276366889477,0.97,0.97,0.07,-901.41
15/20,1/20,15100,1510000,84.57029104232788,3972.520694255829,167.62949380278587,648.6834088265896,0.94,0.94,0.14,-903.7
15/20,2/20,15150,1515000,83.66650485992432,3974.339820623398,167.56212855875492,603.0417869836092,0.93,0.93,0.17,-890.2
15/20,3/20,15200,1520000,85.06011080741882,3947.7648301124573,167.52762278914452,547.3520475327969,0.99,0.99,0.02,-907.99
15/20,4/20,15250,1525000,83.90566802024841,3952.4419705867767,168.39344663918018,559.2086041420698,0.96,0.96,0.12,-904.96
15/20,5/20,15300,1530000,85.3028826713562,3959.3778767585754,166.90818126499653,599.7956466078758,0.88,0.88,0.24,-842.37
15/20,6/20,15350,1535000,83.70677542686462,3978.3841547966003,167.97395454347134,567.5833410769701,0.94,0.94,0.14,-895.38
15/20,7/20,15400,1540000,84.59816813468933,3941.9976377487183,167.8701110035181,619.7595696002245,0.95,0.95,0.05,-901.36
15/20,8/20,15450,1545000,85.46670722961426,3944.2629103660583,166.19444426894188,584.7236251085997,0.86,0.86,0.12,-877.51
15/20,9/20,15500,1550000,84.1759078502655,3935.0345928668976,165.36362302303314,603.4325669407845,1.0,1.0,0.26,-915.27
15/20,10/20,15550,1555000,87.70001339912415,3958.741480588913,165.81162497401237,609.9978266060352,0.92,0.92,0.19,-637.29
15/20,11/20,15600,1560000,86.12369966506958,3977.554279088974,167.76149125397205,578.0099206417799,0.9,0.9,0.2,-736.83
15/20,12/20,15650,1565000,85.59819626808167,3961.0530092716217,167.6344771385193,568.7626370191574,0.97,0.97,0.2,-768.96
15/20,13/20,15700,1570000,87.32422542572021,3959.5634713172913,168.63159695267677,580.5856711268425,0.89,0.89,0.12,-671.31
15/20,14/20,15750,1575000,88.55792498588562,3976.433662176132,169.30230276286602,624.097890406847,0.73,0.73,0.09,-554.86
15/20,15/20,15800,1580000,84.1294915676117,3949.5270726680756,169.86019952595234,518.4018420875072,0.88,0.88,0.29,-855.62
15/20,16/20,15850,1585000,85.8030514717102,3954.6683950424194,166.85684280097485,568.0224854946136,0.83,0.83,0.06,-781.32
15/20,17/20,15900,1590000,86.13291931152344,3951.708028316498,169.11034746468067,614.6016243994236,0.67,0.67,0.11,-655.01
15/20,18/20,15950,1595000,86.07524967193604,3942.2884368896484,167.64013801515102,618.8377808779478,0.85,0.85,0.06,-825.98
15/20,19/20,16000,1600000,85.37515449523926,3946.018191099167,168.68584595620632,647.0008163452148,0.97,0.97,0.1,-812.33
16/20,0/20,16050,1605000,87.9157202243805,3953.4020199775696,168.47744719684124,600.7262067049742,0.88,0.88,0.13,-574.52
16/20,1/20,16100,1610000,88.50999522209167,3947.455134868622,169.12227681279182,584.2010333538055,0.73,0.73,0.12,-497.87
16/20,2/20,16150,1615000,86.73546004295349,3949.933476448059,168.12171252071857,578.5778131484985,0.76,0.76,0.08,-698.0
16/20,3/20,16200,1620000,86.48957920074463,3947.7970435619354,168.0790258049965,586.8258582055569,0.78,0.78,0.21,-654.81
16/20,4/20,16250,1625000,85.85307550430298,3954.3712079524994,170.84772324562073,621.735612988472,0.77,0.77,0.05,-701.94
16/20,5/20,16300,1630000,84.45681619644165,3915.902498960495,169.13504289090633,635.8436248153448,1.0,1.0,0.04,-888.92
16/20,6/20,16350,1635000,86.67940759658813,3926.5381190776825,167.58189280331135,565.4182693511248,0.63,0.63,0.11,-723.92
16/20,7/20,16400,1640000,85.97633838653564,3914.676971912384,172.20150512456894,618.6012081205845,0.82,0.82,0.05,-757.44
16/20,8/20,16450,1645000,87.1560652256012,3905.563811302185,168.47108639776707,602.4706552028656,0.72,0.72,1.4,-619.96
16/20,9/20,16500,1650000,87.45305681228638,3902.2179708480835,170.03821766376495,609.8340567201376,0.62,0.62,0.35,-637.28
16/20,10/20,16550,1655000,84.72209477424622,3847.226930618286,171.02648286521435,559.3016591221094,0.97,0.97,0.05,-897.7
16/20,11/20,16600,1660000,84.45025682449341,3858.709619283676,168.83132991194725,599.7027073353529,0.93,0.93,0.26,-869.44
16/20,12/20,16650,1665000,84.28635454177856,3873.084046125412,166.12762960791588,533.032417923212,0.98,0.98,0.27,-914.95
16/20,13/20,16700,1670000,84.2591986656189,3856.1566264629364,165.77879014611244,558.1490485221148,1.0,1.0,0.68,-909.84
16/20,14/20,16750,1675000,87.35312294960022,3870.0310337543488,165.78243078291416,550.0385111272335,0.87,0.87,0.42,-617.15
16/20,15/20,16800,1680000,87.57555603981018,3884.7422721385956,168.31179320812225,613.8257267028093,0.69,0.69,0.53,-740.14
16/20,16/20,16850,1685000,87.44592523574829,3875.3407487869263,170.44313697516918,733.1573546081781,0.82,0.82,0.44,-671.25
16/20,17/20,16900,1690000,85.3993308544159,3926.390422821045,168.26448929309845,583.4304077327251,0.92,0.92,0.05,-804.0
16/20,18/20,16950,1695000,85.76962399482727,3898.8548953533173,170.53158721327782,554.8701927959919,0.99,0.99,0.12,-794.89
16/20,19/20,17000,1700000,85.01536893844604,3916.571986913681,170.298173725605,549.9241541922092,0.86,0.86,0.05,-881.51
17/20,0/20,17050,1705000,83.67708563804626,3907.0229918956757,170.66378006339073,605.4236981719732,0.98,0.98,0.09,-909.95
17/20,1/20,17100,1710000,85.37208557128906,3899.3124220371246,171.15436938405037,550.4697206616402,0.87,0.87,0.04,-898.62
17/20,2/20,17150,1715000,85.47652459144592,3899.9969186782837,169.1276942640543,526.1385972648859,0.89,0.89,0.79,-776.71
17/20,3/20,17200,1720000,85.98319506645203,3869.086324453354,169.66870787739754,576.2391247153282,0.97,0.97,0.3,-792.79
17/20,4/20,17250,1725000,85.58381772041321,3859.8120653629303,167.04729641973972,527.8966890573502,0.83,0.83,0.29,-711.63
17/20,5/20,17300,1730000,88.27588176727295,3854.7619667053223,169.31182919442654,653.4587393701077,0.52,0.52,0.14,-536.3
17/20,6/20,17350,1735000,87.95859241485596,3869.4365940093994,170.44276902079582,575.684598788619,0.84,0.84,0.58,-730.36
17/20,7/20,17400,1740000,86.17093467712402,3834.9579718112946,167.62134954333305,627.7686074227095,0.93,0.93,0.46,-884.42
17/20,8/20,17450,1745000,87.68064379692078,3825.2306072711945,167.91559839248657,614.8808633983135,0.93,0.93,0.32,-634.62
17/20,9/20,17500,1750000,88.88467741012573,3858.753932237625,166.8516076207161,525.7481442689896,0.97,0.97,1.3,-514.15
17/20,10/20,17550,1755000,86.99440097808838,3845.6904644966125,167.05492305755615,564.6692933142185,0.92,0.92,0.59,-575.1
17/20,11/20,17600,1760000,87.13963675498962,3850.4238379001617,170.14996849000454,556.3264607638121,0.82,0.82,0.13,-618.13
17/20,12/20,17650,1765000,89.21387815475464,3841.0734434127808,168.06324996054173,599.2580268830061,0.91,0.91,0.09,-403.7
17/20,13/20,17700,1770000,86.80502367019653,3848.926050186157,169.0895889699459,633.8748117387295,0.93,0.93,0.91,-651.39
17/20,14/20,17750,1775000,85.45850610733032,3830.0282096862793,169.815072119236,548.9033561646938,1.0,1.0,0.11,-738.2
17/20,15/20,17800,1780000,87.96751880645752,3838.3810839653015,171.19086953997612,535.6602858603001,0.81,0.81,0.8,-665.34
17/20,16/20,17850,1785000,85.6835105419159,3839.34991979599,170.2043513059616,556.1085982769728,0.91,0.91,0.77,-849.59
17/20,17/20,17900,1790000,85.9301290512085,3769.0146276950836,174.3027036935091,584.4297877252102,0.98,0.98,0.31,-792.07
17/20,18/20,17950,1795000,87.18795132637024,3800.511105298996,169.96935971081257,587.0923723131418,0.92,0.92,0.27,-613.75
17/20,19/20,18000,1800000,86.46949172019958,3850.676933526993,169.98543485999107,581.3528067618608,0.98,0.98,0.92,-695.5
18/20,0/20,18050,1805000,87.94880700111389,3849.374945163727,169.54372465610504,625.1491701304913,0.99,0.99,0.44,-502.67
18/20,1/20,18100,1810000,87.9027099609375,3839.6638803482056,173.07093878090382,519.0195069313049,0.91,0.91,0.16,-482.28
18/20,2/20,18150,1815000,86.80080723762512,3847.928257703781,169.89398136734962,602.7339024841785,0.67,0.67,0.41,-677.86
18/20,3/20,18200,1820000,86.16763949394226,3840.788182735443,168.9328691661358,553.1146366596222,0.81,0.81,0.95,-891.71
18/20,4/20,18250,1825000,84.85484766960144,3846.591954469681,168.25783990323544,571.5581556260586,1.0,1.0,0.98,-899.07
18/20,5/20,18300,1830000,84.67725396156311,3812.631242275238,170.84315657615662,590.2743929028511,0.98,0.98,0.15,-830.78
18/20,6/20,18350,1835000,86.55278635025024,3809.31836605072,169.04875746369362,582.0815084427595,0.94,0.94,0.55,-698.73
18/20,7/20,18400,1840000,84.97652792930603,3812.427004337311,170.52914936840534,597.411239311099,0.98,0.98,0.29,-813.52
18/20,8/20,18450,1845000,85.03613090515137,3788.4833433628082,170.45284420251846,565.1486057639122,0.92,0.92,1.32,-843.45
18/20,9/20,18500,1850000,84.8389663696289,3772.178988456726,168.501101821661,601.5680777877569,0.97,0.97,1.23,-860.14
18/20,10/20,18550,1855000,85.90343976020813,3778.1034400463104,168.20317324995995,648.8310017585754,0.93,0.93,1.63,-821.77
18/20,11/20,18600,1860000,87.05277109146118,3768.0748529434204,169.24676232039928,531.8313731253147,0.78,0.78,0.54,-696.11
18/20,12/20,18650,1865000,86.75141739845276,3766.729018688202,168.59390161931515,625.5386434346437,0.97,0.97,0.63,-594.36
18/20,13/20,18700,1870000,87.02422308921814,3772.785808801651,167.61379377543926,533.258068099618,0.85,0.85,0.33,-654.84
18/20,14/20,18750,1875000,87.9764757156372,3747.5170822143555,170.68935914337635,516.1026085317135,0.94,0.94,0.45,-600.18
18/20,15/20,18800,1880000,87.2571005821228,3737.328646659851,171.85668249428272,543.24040594697,0.92,0.92,0.24,-708.09
18/20,16/20,18850,1885000,87.12915468215942,3793.297548532486,170.8512125313282,553.1419908553362,0.9,0.9,0.37,-595.03
18/20,17/20,18900,1890000,86.89108157157898,3795.42280626297,168.92849525809288,552.1500426977873,0.98,0.98,0.31,-594.23
18/20,18/20,18950,1895000,86.69148278236389,3801.6069502830505,170.58067329227924,545.7356788665056,0.97,0.97,0.55,-613.3
18/20,19/20,19000,1900000,86.70584797859192,3806.2599716186523,168.93379159271717,590.1410235017538,0.85,0.85,0.61,-674.36
19/20,0/20,19050,1905000,86.01255822181702,3788.858245611191,169.77455207705498,560.3938832879066,0.82,0.82,0.55,-724.44
19/20,1/20,19100,1910000,86.6354444026947,3765.4954748153687,168.28038373589516,569.0591451078653,0.98,0.98,0.08,-640.84
19/20,2/20,19150,1915000,88.07979679107666,3787.1378886699677,168.98328167200089,595.6640659719706,0.88,0.88,0.47,-599.38
19/20,3/20,19200,1920000,86.62376141548157,3797.547140598297,172.02328704297543,557.9790869057178,0.68,0.68,0.26,-677.05
19/20,4/20,19250,1925000,89.07859778404236,3789.14701795578,169.25814485549927,591.6163162887096,0.83,0.83,1.04,-465.09
19/20,5/20,19300,1930000,87.19909930229187,3800.705801486969,169.55212388932705,545.8912309706211,0.95,0.95,0.22,-731.87
19/20,6/20,19350,1935000,87.85894870758057,3794.312919616699,170.57864314317703,580.670029759407,0.88,0.88,1.71,-702.44
19/20,7/20,19400,1940000,87.8414671421051,3809.9362320899963,168.9697818905115,543.7144195139408,0.82,0.82,0.43,-551.39
19/20,8/20,19450,1945000,87.91910243034363,3782.7137303352356,170.31546859443188,584.1930590122938,0.99,0.99,0.71,-592.52
19/20,9/20,19500,1950000,85.11804008483887,3832.913516998291,169.204896569252,556.363537043333,0.98,0.98,0.48,-899.67
19/20,10/20,19550,1955000,84.6478419303894,3806.3700726032257,172.19227261841297,600.2133150845766,0.92,0.92,0.43,-888.53
19/20,11/20,19600,1960000,85.71929812431335,3756.0670623779297,169.56975796818733,503.32989916205406,0.98,0.98,0.47,-784.56
19/20,12/20,19650,1965000,85.84815883636475,3725.6654052734375,169.76208451390266,570.48934674263,0.95,0.95,0.7,-854.83
19/20,13/20,19700,1970000,85.73580718040466,3736.9432260990143,171.41346603631973,558.1237778663635,1.0,1.0,0.04,-675.3
19/20,14/20,19750,1975000,85.53977632522583,3767.3890929222107,172.11706453561783,570.2081917524338,1.0,1.0,1.21,-815.19
19/20,15/20,19800,1980000,85.32124209403992,3798.4764235019684,169.91658601164818,621.2025413662195,1.0,1.0,1.08,-827.89
19/20,16/20,19850,1985000,83.89541363716125,3780.350583076477,172.90758921205997,560.2368318289518,0.99,0.99,0.88,-912.3
19/20,17/20,19900,1990000,83.4318015575409,3756.328217983246,173.12550446391106,558.8998070210218,1.0,1.0,0.18,-914.88
19/20,18/20,19950,1995000,83.69427871704102,3752.6638708114624,170.3126539438963,503.0768442302942,0.97,0.97,0.03,-913.2
19/20,19/20,20000,2000000,84.4749402999878,3792.759059906006,172.34576332569122,570.1351700723171,0.96,0.96,0.45,-866.81
